SET,DAG,MODEL,K_EDGE,N_FEAT,FEATURE_KEY,AUROC,AUPRC,F1,Brier,ECE
F,GES,Logit,1,1,25770b1c892373be,0.5972924853985279,0.03025365373150502,0.0472212132219397,0.021593891644033494,0.0003907175342670997
F,GES,LightGBM,1,1,25770b1c892373be,0.5785295032966397,0.031570747862310046,0.05194805194805195,0.021872773589026572,0.0039733654930735555
F,GES,XGBoost,1,1,25770b1c892373be,0.561552351795963,0.030024074819761874,0.06451612903225806,0.021813791134349232,0.002871289182228352
F,GES,RF,1,1,25770b1c892373be,0.49310817754811065,0.023480953460143287,0.02727272727272727,0.03283672798434442,0.041225608051439766
F,GES,FFMLP,1,1,25770b1c892373be,0.47122044423214715,0.02224307785278829,0.04321663019693654,0.03548873913733038,0.06119147613477967
F,GES,Logit,2,2,9d9eab942f1f166b,0.811349704351854,0.07078285615189554,0.12213740458015267,0.02105158638117041,0.0014483244996577258
F,GES,XGBoost,2,2,9d9eab942f1f166b,0.7874065469599265,0.07365390408643545,0.12030075187969924,0.021463755298143032,0.009949351211779103
F,GES,LightGBM,2,2,9d9eab942f1f166b,0.782195612682835,0.06912332983467413,0.11786372007366483,0.024793301727200203,0.022343609761965866
F,GES,RF,2,2,9d9eab942f1f166b,0.738483473377192,0.07241713589677176,0.08,0.022690741962538438,0.01955940732457366
F,GES,FFMLP,2,2,9d9eab942f1f166b,0.6824894514767932,0.03476189704001962,0.07313019390581718,0.0321481035398384,0.05167260835234149
F,GES,XGBoost,3,3,ad18df09e7b8d856,0.8170491637174226,0.09599975950346028,0.09944751381215469,0.02158831997652211,0.011425745676862385
F,GES,Logit,3,3,ad18df09e7b8d856,0.8118997474144357,0.07235775814094209,0.149812734082397,0.02107731039484359,0.0024183943070986177
F,GES,LightGBM,3,3,ad18df09e7b8d856,0.7686508022667564,0.0540563110468606,0.10294117647058823,0.025572252949871893,0.025780977214643112
F,GES,RF,3,3,ad18df09e7b8d856,0.7679650577907087,0.0793969419826367,0.12435233160621761,0.02170829969247973,0.013458764327648866
F,GES,FFMLP,3,3,ad18df09e7b8d856,0.5940157486013707,0.02831733676604133,0.04321663019693654,0.0236031643789074,0.025557752803554105
F,GES,XGBoost,4,4,8df5ed0143bd747f,0.8370642175275564,0.12431121980237345,0.16091954022988506,0.02146437553906667,0.01158279487209669
F,GES,LightGBM,4,4,8df5ed0143bd747f,0.8345564554067062,0.09885471132902243,0.14207650273224043,0.02290682650377428,0.021671364031605918
F,GES,RF,4,4,8df5ed0143bd747f,0.821324662917689,0.12256580469726151,0.2018348623853211,0.021023551579535924,0.009434162706178362
F,GES,Logit,4,4,8df5ed0143bd747f,0.8111796252469765,0.10321575093573868,0.1568627450980392,0.02078531541006533,0.003997174733972763
F,GES,FFMLP,4,4,8df5ed0143bd747f,0.7269687561065636,0.05446558836721371,0.10186757215619695,0.024138460470516602,0.02633675856024718
F,GES,XGBoost,5,5,821abd27e1f12548,0.868883484957046,0.19604271739094198,0.28346456692913385,0.020682904205355467,0.011592553630117134
F,GES,RF,5,5,821abd27e1f12548,0.8575225626216789,0.18780635093828352,0.2647058823529412,0.01970063740564719,0.008812412636287393
F,GES,LightGBM,5,5,821abd27e1f12548,0.8569345231633265,0.19318815786361204,0.26356589147286824,0.02158552088233249,0.01946565593578873
F,GES,Logit,5,5,821abd27e1f12548,0.8264903633902918,0.1181337163889209,0.22340425531914893,0.020539575364223996,0.0036695783299417607
F,GES,FFMLP,5,5,821abd27e1f12548,0.7584442466219394,0.056248366820716794,0.09494949494949495,0.027980920224543168,0.036753757468322934
F,GES,XGBoost,6,6,f164a6e87137e02a,0.8985532419972353,0.24083588264832878,0.34285714285714286,0.019721265603528722,0.010920292788063068
F,GES,LightGBM,6,6,f164a6e87137e02a,0.8922566964124166,0.2649936101843713,0.32075471698113206,0.02036849050852363,0.01909670733442534
F,GES,RF,6,6,f164a6e87137e02a,0.8843679209095976,0.24553457680111698,0.3235294117647059,0.018820246016214705,0.004035225048923678
F,GES,Logit,6,6,f164a6e87137e02a,0.8287846219539556,0.12014818648947426,0.23157894736842105,0.020514858238372756,0.005344626115882865
F,GES,FFMLP,6,6,f164a6e87137e02a,0.46040413690282334,0.022226734843182612,0.04321663019693654,0.02247923536606213,0.023132062314342863
F,GES,XGBoost,7,7,bbf28dc05048d5c1,0.9047882696079496,0.2519404331852174,0.33980582524271846,0.019409538563707102,0.010581025807538454
F,GES,LightGBM,7,7,bbf28dc05048d5c1,0.893903206895803,0.23328364739822166,0.29714285714285715,0.020831601919065454,0.01931771382325288
F,GES,RF,7,7,bbf28dc05048d5c1,0.8900999486143981,0.2643856815460244,0.3386243386243386,0.01849227285434722,0.0045362035225048935
F,GES,Logit,7,7,bbf28dc05048d5c1,0.8391739221689067,0.1215148696738834,0.18309859154929578,0.020510635065779378,0.0038049057016771347
F,GES,FFMLP,7,7,bbf28dc05048d5c1,0.7818988789253895,0.07020142454289557,0.11173184357541899,0.02612801461213606,0.02642359781203448
F,GES,XGBoost,8,8,43edc450f8f1d273,0.9028884498194266,0.2730643607841775,0.3333333333333333,0.019020525606387773,0.011164114327030142
F,GES,LightGBM,8,8,43edc450f8f1d273,0.9009126372393628,0.2582630250123466,0.3253588516746411,0.020353825149867534,0.019364385345891532
F,GES,RF,8,8,43edc450f8f1d273,0.8954719152354691,0.2791331632569205,0.34951456310679613,0.01827272462957786,0.006530612244897959
F,GES,Logit,8,8,43edc450f8f1d273,0.8505040855172213,0.12945312840377574,0.1565217391304348,0.020503892396140023,0.00517768101651925
F,GES,FFMLP,8,8,43edc450f8f1d273,0.7915119670553155,0.07977450417820614,0.12105263157894737,0.029940807161805215,0.044674843282334405
F,GES,XGBoost,9,9,f7599231062f6c83,0.9181991879627418,0.3331840776141561,0.36633663366336633,0.018264187021513393,0.010714277520417533
F,GES,LightGBM,9,9,f7599231062f6c83,0.9026894210796768,0.3140120490659382,0.358974358974359,0.019446060198194868,0.018175718929125236
F,GES,RF,9,9,f7599231062f6c83,0.8867888341258295,0.31144431148445095,0.3431952662721893,0.017983915012580374,0.004296337713167459
F,GES,Logit,9,9,f7599231062f6c83,0.8555666529155901,0.13304638303779803,0.14285714285714285,0.020410557179775787,0.004225786221902176
F,GES,FFMLP,9,9,f7599231062f6c83,0.7977361385529526,0.08265320872716951,0.12735166425470332,0.024430256317331978,0.024234662087087962
F,GES,XGBoost,10,10,fb99ee75b910bd2b,0.9227298058203242,0.32385588793939174,0.35390946502057613,0.0183166229827733,0.01144218373484441
F,GES,LightGBM,10,10,fb99ee75b910bd2b,0.9064564923174907,0.3260508638336267,0.40718562874251496,0.0193046420958035,0.01886220363960417
F,GES,RF,10,10,fb99ee75b910bd2b,0.8964688682863987,0.31231347750617255,0.34444444444444444,0.017929376572546826,0.004552977355325692
F,GES,Logit,10,10,fb99ee75b910bd2b,0.8556498831158491,0.13295058722106554,0.14285714285714285,0.020416096263094468,0.004225228032084668
F,GES,FFMLP,10,10,fb99ee75b910bd2b,0.8133092327623019,0.136515831835474,0.16666666666666666,0.027872036468487765,0.028604951655132365
F,GES,XGBoost,11,11,ba66ab9dba064030,0.9226321008026286,0.33625342712276657,0.4017857142857143,0.017916064213316152,0.010059926877509588
F,GES,LightGBM,11,11,ba66ab9dba064030,0.9007606516562809,0.332209421983046,0.3867403314917127,0.019284310198886233,0.01862782275868343
F,GES,RF,11,11,ba66ab9dba064030,0.8949363469903235,0.31974688981028637,0.33755274261603374,0.01777651551579536,0.005292144254962259
F,GES,Logit,11,11,ba66ab9dba064030,0.854926142244031,0.12822386102475797,0.14285714285714285,0.02065489740032159,0.0044412351128682494
F,GES,FFMLP,11,11,ba66ab9dba064030,0.7449320045450927,0.09674741276522947,0.1568627450980392,0.022980356067358213,0.022765402542960923
F,GES,XGBoost,12,12,49e1a6ba46b8fa85,0.9254800211332336,0.33708006720288747,0.41346153846153844,0.017995482715057673,0.010540016209261444
F,GES,LightGBM,12,12,49e1a6ba46b8fa85,0.9164404976442234,0.3470021079137707,0.39490445859872614,0.01946102190845829,0.01940500378227889
F,GES,RF,12,12,49e1a6ba46b8fa85,0.897570763763742,0.31840955050652764,0.3426294820717131,0.017779939614201844,0.003989376572546828
F,GES,Logit,12,12,49e1a6ba46b8fa85,0.8547162573912037,0.13026050208810422,0.13559322033898305,0.02051808099690175,0.006196242050209761
F,GES,FFMLP,12,12,49e1a6ba46b8fa85,0.7835833858045465,0.06629762226957803,0.11301715438950555,0.026499893969292154,0.030836423759150553
F,GES,XGBoost,13,13,78a094c542f02414,0.9279335026886975,0.3416173790536935,0.4105263157894737,0.017957620722762604,0.012511896837564165
F,GES,LightGBM,13,13,78a094c542f02414,0.9171606198116827,0.3417531419295283,0.4111111111111111,0.019288665473920805,0.01881114039101412
F,GES,RF,13,13,78a094c542f02414,0.898860831867758,0.3005841674859059,0.3568075117370892,0.01788871792004473,0.004299692479731618
F,GES,Logit,13,13,78a094c542f02414,0.8407010154084431,0.11694526005806302,0.125,0.02118165938601491,0.008316201840454045
F,GES,FFMLP,13,13,78a094c542f02414,0.7784954874756642,0.06211070627820941,0.11713665943600868,0.027289299964001656,0.03400091973240395
F,GES,XGBoost,14,14,4c60acc991e29055,0.9422310036114669,0.39756718379824346,0.4605263157894737,0.0168498334315773,0.01153266240694493
F,GES,LightGBM,14,14,4c60acc991e29055,0.9418799892886351,0.4117187811113659,0.417910447761194,0.018335926224928686,0.0177910919350659
F,GES,RF,14,14,4c60acc991e29055,0.9234318344659878,0.37953160911680917,0.41333333333333333,0.016886341627061784,0.0034783337992731335
F,GES,Logit,14,14,4c60acc991e29055,0.8383778072099066,0.11433799862827414,0.19487179487179487,0.021438049014265863,0.007620304748108574
F,GES,FFMLP,14,14,4c60acc991e29055,0.7858631695507741,0.0732616627598548,0.12012987012987013,0.02665899587819113,0.0334093303130385
F,GES,XGBoost,15,15,d9bb29817c697b4d,0.9451947224815627,0.40259617900989514,0.4186046511627907,0.01689145890480793,0.012355800298947882
F,GES,LightGBM,15,15,d9bb29817c697b4d,0.9412865217737441,0.41165925201533227,0.43410852713178294,0.01842567090358136,0.017984380962389915
F,GES,RF,15,15,d9bb29817c697b4d,0.9145533433209574,0.36360813875079,0.4017467248908297,0.01693414481409002,0.002971764048084986
F,GES,Logit,15,15,d9bb29817c697b4d,0.8215110261921822,0.1051435615348083,0.16279069767441862,0.02150400232291597,0.004980560174026445
F,GES,FFMLP,15,15,d9bb29817c697b4d,0.7254036664712566,0.0699103331075658,0.12295081967213115,0.02308992580969333,0.02325305849326624
F,GES,XGBoost,16,16,8f4df3d46432c059,0.9447894275933444,0.40149850159930195,0.45962732919254656,0.01689503830734385,0.011395680659021249
F,GES,LightGBM,16,16,8f4df3d46432c059,0.9390863495234167,0.39992777006447794,0.42748091603053434,0.01878605657240896,0.018548195626323958
F,GES,RF,16,16,8f4df3d46432c059,0.9291276751271975,0.36327257531711926,0.422360248447205,0.016868695554934303,0.004055353648308636
F,GES,Logit,16,16,8f4df3d46432c059,0.8439614680359844,0.11479768640941786,0.1391304347826087,0.0214624055731596,0.008318383731648407
F,GES,FFMLP,16,16,8f4df3d46432c059,0.7728828770147137,0.054771817307399016,0.10051993067590988,0.03217390045645401,0.04871592326399573
F,GES,XGBoost,17,17,1905c73901834fee,0.9416809605488851,0.4027846750083838,0.4581005586592179,0.016714724226121788,0.009909709133384847
F,GES,LightGBM,17,17,1905c73901834fee,0.9402769032575576,0.4089134527698004,0.4563758389261745,0.018825181874204403,0.018647177192446084
F,GES,RF,17,17,1905c73901834fee,0.920468115595892,0.35964419230738354,0.3917525773195876,0.01706613810455689,0.003797595750629021
F,GES,Logit,17,17,1905c73901834fee,0.8162639048714999,0.09905388433228628,0.1646090534979424,0.02164467816150524,0.0043398767388563575
F,GES,FFMLP,17,17,1905c73901834fee,0.7857763206461559,0.06658340156258835,0.10491071428571429,0.025696344290262685,0.028748005078176
F,GES,XGBoost,18,18,f670c85f53fdfb10,0.9405121190408987,0.4115781382695737,0.43171806167400884,0.016605944591875577,0.01128482567234944
F,GES,LightGBM,18,18,f670c85f53fdfb10,0.9398752270736985,0.4002647001482055,0.4755244755244755,0.0188536692124221,0.019030351197811435
F,GES,RF,18,18,f670c85f53fdfb10,0.9294931642674655,0.35934953711758866,0.3804878048780488,0.01703433044450657,0.0031903830025160748
F,GES,Logit,18,18,f670c85f53fdfb10,0.843787770226748,0.1155076805596955,0.1652892561983471,0.02121836136399587,0.003323936898363595
F,GES,FFMLP,18,18,f670c85f53fdfb10,0.7658625905580766,0.058787472642952567,0.09762202753441802,0.02924620167349888,0.039308017324411505
F,GES,XGBoost,19,19,d9e6e8243061dcd0,0.9373529901354118,0.3763154419808207,0.42168674698795183,0.017375742011338544,0.012120020395128675
F,GES,RF,19,19,d9e6e8243061dcd0,0.9338591310767093,0.3584720249828715,0.3829787234042553,0.017125970366228684,0.0038138104556891253
F,GES,LightGBM,19,19,d9e6e8243061dcd0,0.9322614731021706,0.4038480423431974,0.4444444444444444,0.018485079733147412,0.0182708160092048
F,GES,Logit,19,19,d9e6e8243061dcd0,0.8447792952211391,0.11227943961240473,0.13793103448275862,0.02166571702574471,0.00744228950090708
F,GES,FFMLP,19,19,d9e6e8243061dcd0,0.8002475193781619,0.07208465146518724,0.13559322033898305,0.02896618198828126,0.03809434345665343
F,GES,XGBoost,20,20,d4518e3c063d6d01,0.9378053281802983,0.38600974230251267,0.425531914893617,0.017296300656412557,0.011903813955245705
F,GES,LightGBM,20,20,d4518e3c063d6d01,0.9338971274724797,0.4205969529072294,0.4520547945205479,0.01830696809612419,0.01764834596392771
F,GES,RF,20,20,d4518e3c063d6d01,0.9209114068798807,0.3457386567393227,0.379746835443038,0.017301398937657256,0.004057031031590719
F,GES,Logit,20,20,d4518e3c063d6d01,0.8476561651866167,0.11965725822609616,0.15126050420168066,0.021084191648564298,0.004602008952864373
F,GES,FFMLP,20,20,d4518e3c063d6d01,0.766872209074263,0.06184987435098859,0.11253196930946291,0.02630149019919015,0.030538227712578792
F,GES,XGBoost,21,21,cff2e5cbc5406b39,0.93743983904003,0.39430264974819024,0.4431818181818182,0.017106681781953615,0.013388601995365129
F,GES,LightGBM,21,21,cff2e5cbc5406b39,0.93628547234948,0.3965762506154637,0.43529411764705883,0.01872412151629754,0.01863517345689046
F,GES,RF,21,21,cff2e5cbc5406b39,0.923999971050365,0.3308612315845277,0.39408866995073893,0.01736154319261951,0.003339110986860499
F,GES,Logit,21,21,cff2e5cbc5406b39,0.8048324178011305,0.09953371590652671,0.15294117647058825,0.021443718294445798,0.007549833020706959
F,GES,FFMLP,21,21,cff2e5cbc5406b39,0.7889607804821562,0.06498651509936669,0.12151898734177215,0.026967382484542803,0.03302940961597333
F,GES,XGBoost,22,22,ce8c1ed73cc45e37,0.9366618176028255,0.3893400091530274,0.40963855421686746,0.017178016790842233,0.010976153626417816
F,GES,LightGBM,22,22,ce8c1ed73cc45e37,0.9336438181673434,0.38992638439234106,0.44047619047619047,0.01872273976530825,0.0187695464273935
F,GES,RF,22,22,ce8c1ed73cc45e37,0.9216152448777241,0.3221038813818294,0.37185929648241206,0.017619673469387753,0.00407436399217221
F,GES,FFMLP,22,22,ce8c1ed73cc45e37,0.7945516787169522,0.0702398549588746,0.10831234256926953,0.030274583023210466,0.044704005903667764
F,GES,Logit,22,22,ce8c1ed73cc45e37,0.7851213351571603,0.084914757596986,0.1032258064516129,0.02221328598061246,0.007548172195173563
F,GES,XGBoost,23,23,9c0f8140e990569f,0.9399150328216487,0.3964947708755982,0.4431818181818182,0.01706279271285569,0.01216276311506964
F,GES,LightGBM,23,23,9c0f8140e990569f,0.9326957176252615,0.38364402603221937,0.4444444444444444,0.018870105696649587,0.018669479023566256
F,GES,RF,23,23,9c0f8140e990569f,0.9283822220292247,0.3133219875803846,0.3888888888888889,0.017682680458484763,0.004814649147330163
F,GES,Logit,23,23,9c0f8140e990569f,0.8364345629690746,0.1141595890991303,0.18285714285714286,0.021421984231124583,0.005944067371465316
F,GES,FFMLP,23,23,9c0f8140e990569f,0.7468209682205382,0.061030489901867976,0.11609498680738786,0.02411885395166039,0.02447131688977095
F,GES,XGBoost,24,24,c405a84875acb80f,0.9404650758842303,0.3895916087650284,0.423841059602649,0.01746450840579139,0.013666394074219114
F,GES,LightGBM,24,24,c405a84875acb80f,0.9373783210659257,0.3921301004324402,0.4472049689440994,0.019038671748274758,0.018866064049374843
F,GES,RF,24,24,c405a84875acb80f,0.9207738961142351,0.30976281319821625,0.34355828220858897,0.01771465585686329,0.004409840648588205
F,GES,Logit,24,24,c405a84875acb80f,0.8349508941818471,0.10992497307136505,0.1322314049586777,0.02164974434169975,0.01113926748968977
F,GES,FFMLP,24,24,c405a84875acb80f,0.7295163239753639,0.05672492782641116,0.10178117048346055,0.023567152893531992,0.02591570384039129
F,GES,XGBoost,25,25,eddccfec20b0e4d3,0.9404795507016669,0.3884151197636603,0.41134751773049644,0.017327315726022193,0.012328605423245329
F,GES,LightGBM,25,25,eddccfec20b0e4d3,0.9384566949649347,0.3834728366916175,0.425,0.01867737465488602,0.018514183178560017
F,GES,RF,25,25,eddccfec20b0e4d3,0.9318543688617728,0.3241946286626623,0.3493975903614458,0.01754967067374895,0.003911098686049762
F,GES,Logit,25,25,eddccfec20b0e4d3,0.8344804626151653,0.11018770724305535,0.1322314049586777,0.021586079552154473,0.004318550169519393
F,GES,FFMLP,25,25,eddccfec20b0e4d3,0.7876508095041651,0.15371042076437236,0.24644549763033174,0.023329961872485018,0.02312554288494094
F,GES,XGBoost,26,26,057b265597392c70,0.9369115082036028,0.4198503338803724,0.4642857142857143,0.016494381957382374,0.011243778432315586
F,GES,LightGBM,26,26,057b265597392c70,0.933191480122457,0.41209633276134455,0.46060606060606063,0.017972077517022324,0.017555371686195774
F,GES,RF,26,26,057b265597392c70,0.9194005978099602,0.3527439697509164,0.39473684210526316,0.01717945764607213,0.004234833659491193
F,GES,Logit,26,26,057b265597392c70,0.8372921959021792,0.10842594747926824,0.11864406779661017,0.021713355673469804,0.005266875957217755
F,GES,FFMLP,26,26,057b265597392c70,0.7387838258389967,0.06367965585680453,0.10501193317422435,0.02521393404471894,0.028266891012546782
F,GES,XGBoost,27,27,bc323d9b0bd76a5e,0.9406641046239803,0.44075681345305184,0.4540540540540541,0.016413306185344964,0.01298138231924546
F,GES,RF,27,27,bc323d9b0bd76a5e,0.9348524654232798,0.36344533122038486,0.3904761904761905,0.016956713447022643,0.0055247414034106795
F,GES,LightGBM,27,27,bc323d9b0bd76a5e,0.9316426746567659,0.41113533661889146,0.42168674698795183,0.017764004606171876,0.016935649065563132
F,GES,Logit,27,27,bc323d9b0bd76a5e,0.8373935196242338,0.11897311437247755,0.14414414414414414,0.02113677811154357,0.006686921198661998
F,GES,FFMLP,27,27,bc323d9b0bd76a5e,0.7975135882348683,0.11551920895746934,0.1951219512195122,0.023229557605124705,0.02106545626026752
F,GES,XGBoost,28,28,76f917bf16cdb700,0.9380948245290256,0.44322787116719364,0.44680851063829785,0.01640629113144127,0.011196994232919888
F,GES,LightGBM,28,28,76f917bf16cdb700,0.9301192001215886,0.4194785776335841,0.43537414965986393,0.017506699189723335,0.017145731421066967
F,GES,RF,28,28,76f917bf16cdb700,0.9262869922053107,0.3630445413098454,0.38095238095238093,0.01694696002236511,0.003358680458484763
F,GES,Logit,28,28,76f917bf16cdb700,0.785468730775633,0.08863278744254555,0.08571428571428572,0.021622097289756056,0.007377286352870756
F,GES,FFMLP,28,28,76f917bf16cdb700,0.7487461189395749,0.06453548546225452,0.10718954248366012,0.028751211768968023,0.03672301255922628
F,GES,XGBoost,29,29,1cd8ae4fe3b0cc2d,0.9346281057530162,0.4407113553714466,0.4482758620689655,0.01622986588216944,0.011391008717729405
F,GES,LightGBM,29,29,1cd8ae4fe3b0cc2d,0.9309261711936658,0.4093516737770799,0.43037974683544306,0.01760359252503539,0.017403089633403573
F,GES,RF,29,29,1cd8ae4fe3b0cc2d,0.9162215660304984,0.36516829921712357,0.4065934065934066,0.01693432485322896,0.0050276768241543195
F,GES,Logit,29,29,1cd8ae4fe3b0cc2d,0.8384501812970883,0.11296537144436151,0.15492957746478872,0.021275615284093396,0.006325070517041432
F,GES,FFMLP,29,29,1cd8ae4fe3b0cc2d,0.7718949707246818,0.062269721135019586,0.10218978102189781,0.028497841711781352,0.03836978113954132
F,GES,XGBoost,30,30,a363fe2138a3fd43,0.9375158318315711,0.4526307802552643,0.4878048780487805,0.016133660029229027,0.012230740611717158
F,GES,LightGBM,30,30,a363fe2138a3fd43,0.9302928979308248,0.412707417169947,0.4148148148148148,0.017551750289312443,0.017144769142103226
F,GES,RF,30,30,a363fe2138a3fd43,0.9232074747957242,0.36801463328882184,0.4,0.016975103159071848,0.0025563321218898516
F,GES,Logit,30,30,a363fe2138a3fd43,0.8339810814136106,0.10846238482419242,0.14754098360655737,0.02204551756090015,0.01229839116411598
F,GES,FFMLP,30,30,a363fe2138a3fd43,0.8035405403449349,0.0739218477132597,0.12789115646258503,0.029139530350115208,0.038812670404201347
F,GES,XGBoost,31,31,155cd37405e84f5f,0.9428172337176397,0.4496691633080667,0.4470588235294118,0.016264514653788507,0.011972405507208697
F,GES,RF,31,31,155cd37405e84f5f,0.932028066671009,0.37134965571437567,0.40641711229946526,0.016759970925356443,0.002860497623707016
F,GES,LightGBM,31,31,155cd37405e84f5f,0.9265764885540381,0.41068150037463386,0.45,0.01703574437011074,0.017604307518774162
F,GES,Logit,31,31,155cd37405e84f5f,0.7876001476431378,0.08799341889059849,0.08391608391608392,0.021771213115159803,0.008205449773506993
F,GES,FFMLP,31,31,155cd37405e84f5f,0.7536693662201186,0.06667961191243216,0.12260536398467432,0.025371321963123073,0.027806188100035052
F,GES,XGBoost,32,32,1f2b7a8554385c32,0.9397702846472847,0.4511744399011665,0.46706586826347307,0.016349367874306207,0.011715971604395768
F,GES,LightGBM,32,32,1f2b7a8554385c32,0.9301264375303067,0.41025576015253334,0.43478260869565216,0.01742747322826899,0.016849654785231802
F,GES,RF,32,32,1f2b7a8554385c32,0.9163807890222985,0.3695543981179977,0.39195979899497485,0.016894963377131676,0.003360916969527538
F,GES,Logit,32,32,1f2b7a8554385c32,0.8134015097234586,0.10280649738388964,0.1258741258741259,0.021518822722862707,0.006247783727030312
F,GES,FFMLP,32,32,1f2b7a8554385c32,0.7649108713116355,0.06514007507198417,0.1034047919293821,0.02894156183855096,0.04139296384931845
F,GES,XGBoost,33,33,029dcbc8c5302ec0,0.9397558098298484,0.4536709032530124,0.4512820512820513,0.01633515522358295,0.011480003449808615
F,GES,RF,33,33,029dcbc8c5302ec0,0.9280330170585723,0.3630460365847712,0.4090909090909091,0.016957175286552977,0.0031624266144814096
F,GES,LightGBM,33,33,029dcbc8c5302ec0,0.9271554812514927,0.4209497418266177,0.44155844155844154,0.017481980417387338,0.017103984271436286
F,GES,Logit,33,33,029dcbc8c5302ec0,0.8358302393411063,0.1109065724729157,0.13445378151260504,0.021571255297656366,0.011573267242664324
F,GES,FFMLP,33,33,029dcbc8c5302ec0,0.7735125315731955,0.06459987131825394,0.1350844277673546,0.02611580518061923,0.02746258070288856
F,GES,XGBoost,34,34,bd572049931eefa4,0.9386014431392984,0.46820381584787046,0.4645161290322581,0.01598428479393233,0.01153434023598502
F,GES,LightGBM,34,34,bd572049931eefa4,0.9299491210167112,0.42958483177386525,0.47435897435897434,0.01732784997194281,0.016640490768313844
F,GES,RF,34,34,bd572049931eefa4,0.9297247613464474,0.3699346322528863,0.40236686390532544,0.016870971204920326,0.0015286552977355305
F,GES,Logit,34,34,bd572049931eefa4,0.8510432724667261,0.1184705391629012,0.1927710843373494,0.021082084217121808,0.004415625817131974
F,GES,FFMLP,34,34,bd572049931eefa4,0.7882478957234151,0.08147485636881974,0.11594202898550725,0.02507302680499283,0.026972180592098747
F,GES,XGBoost,35,35,32d31e9f18895013,0.937356608839771,0.47299005577978487,0.4578313253012048,0.015764011626306983,0.012905176840529891
F,GES,RF,35,35,32d31e9f18895013,0.9286988586606452,0.39145664620812193,0.4375,0.01643771875873637,0.0021347497903270903
F,GES,LightGBM,35,35,32d31e9f18895013,0.9209349284582147,0.4280459617436762,0.44274809160305345,0.017754404809992307,0.01816751912222389
F,GES,Logit,35,35,32d31e9f18895013,0.8390545049250567,0.10456907779058923,0.13432835820895522,0.022003789028430802,0.0073241552362231805
F,GES,FFMLP,35,35,32d31e9f18895013,0.7952500886582567,0.16491576796946192,0.14583333333333334,0.025056561223521574,0.02936188548361752
F,GES,XGBoost,36,36,14fe7fd5d5a0f64b,0.941793140384017,0.47195410810425337,0.42574257425742573,0.015832987626587733,0.011813186633048867
F,GES,RF,36,36,14fe7fd5d5a0f64b,0.9250819636537334,0.40146954377342847,0.42045454545454547,0.01641155269779145,0.0033396701146211905
F,GES,LightGBM,36,36,14fe7fd5d5a0f64b,0.9227225684116058,0.43721895709632924,0.43283582089552236,0.017468077751061194,0.017203276263575006
F,GES,Logit,36,36,14fe7fd5d5a0f64b,0.8423656194136252,0.11599986820985868,0.18181818181818182,0.021365759777218565,0.005140220815973045
F,GES,FFMLP,36,36,14fe7fd5d5a0f64b,0.7686417555058587,0.06520129851050943,0.11827956989247312,0.028290581315358748,0.03630876917103532
F,GES,XGBoost,37,37,515e61a92cd7d788,0.9378777022674801,0.4636332350540689,0.4508670520231214,0.016034709695850122,0.013319233568452419
F,GES,RF,37,37,515e61a92cd7d788,0.9223552699191582,0.39877443962726833,0.4125560538116592,0.016374107911657814,0.0048655297735532566
F,GES,LightGBM,37,37,515e61a92cd7d788,0.9207431371271829,0.44220319749632525,0.45390070921985815,0.017154771219982577,0.016599676605352817
F,GES,Logit,37,37,515e61a92cd7d788,0.8511047904408305,0.11527953537884951,0.1927710843373494,0.02118093507673902,0.0041498457409836435
F,GES,FFMLP,37,37,515e61a92cd7d788,0.7563146391066143,0.06951735436616646,0.13636363636363635,0.024307231975624365,0.023779021001293078
F,GES,XGBoost,38,38,2e9f7db8fcd98242,0.9348886524668707,0.4638654363863211,0.4578313253012048,0.01595928031913387,0.012334484574175391
F,GES,LightGBM,38,38,2e9f7db8fcd98242,0.9229107410382786,0.44164563256857187,0.45714285714285713,0.01728536921068063,0.017682226279849212
F,GES,RF,38,38,2e9f7db8fcd98242,0.9178952167965782,0.3988709257574011,0.4095238095238095,0.016372914733016494,0.0036360078277886494
F,GES,Logit,38,38,2e9f7db8fcd98242,0.835938800471879,0.11867346725894905,0.1910828025477707,0.020819232060995358,0.008113539039219863
F,GES,FFMLP,38,38,2e9f7db8fcd98242,0.7968278437588207,0.07551727553651953,0.1410488245931284,0.02844933090958035,0.04190383474156365
F,GES,XGBoost,39,39,da02673fcefc640b,0.9367703787335983,0.44998982610138427,0.4583333333333333,0.016301280854744412,0.011638368207241153
F,GES,LightGBM,39,39,da02673fcefc640b,0.9225995324633968,0.4322107961222591,0.4645161290322581,0.017643895471729825,0.017939861156620003
F,GES,RF,39,39,da02673fcefc640b,0.9194168819795759,0.3916547139088278,0.42162162162162165,0.016501034386357284,0.002604417109309477
F,GES,Logit,39,39,da02673fcefc640b,0.8286652047101055,0.10854126639797283,0.13432835820895522,0.021391385748091754,0.005230215161757943
F,GES,FFMLP,39,39,da02673fcefc640b,0.7952500886582569,0.09016101412802544,0.1503267973856209,0.02720324979718958,0.035536176401123026
F,GES,XGBoost,40,40,f5cdbdeeea3da737,0.9361588176969119,0.45734814962087234,0.41284403669724773,0.01622482229076002,0.011648189100190302
F,GES,LightGBM,40,40,f5cdbdeeea3da737,0.9260915821699199,0.43546404642325365,0.45517241379310347,0.01747199239781621,0.017465074954016873
F,GES,RF,40,40,f5cdbdeeea3da737,0.9219011225220921,0.3936839676378125,0.4125560538116592,0.016424924797316186,0.0025378809057869725
F,GES,Logit,40,40,f5cdbdeeea3da737,0.8501277402638758,0.12484078858961854,0.14754098360655737,0.020856123540352416,0.0055322714292353895
F,GES,FFMLP,40,40,f5cdbdeeea3da737,0.7930101106599794,0.0727783565807861,0.14222222222222222,0.029041392712621034,0.04002889634003544
F,GES,XGBoost,41,41,eea56eae392fadf6,0.9403854643883304,0.4575767925867407,0.4533333333333333,0.016141136784639434,0.012334143068575812
F,GES,LightGBM,41,41,eea56eae392fadf6,0.9276150567050974,0.4357859881975762,0.4645161290322581,0.017309193086398004,0.016787674426017918
F,GES,RF,41,41,eea56eae392fadf6,0.9241754782117811,0.40456177681629923,0.4057971014492754,0.01636015320100643,0.003478333799273134
F,GES,Logit,41,41,eea56eae392fadf6,0.8491253591564075,0.11513494129700934,0.18181818181818182,0.02127341627419128,0.003890753214081741
F,GES,FFMLP,41,41,eea56eae392fadf6,0.812862322773954,0.08303908263287516,0.1436265709156194,0.02815409549510177,0.03798622850600503
F,GES,XGBoost,42,42,6a8f4ec178e091df,0.9377655224323483,0.46229646901345295,0.45454545454545453,0.01615722690521074,0.011577360138105973
F,GES,LightGBM,42,42,6a8f4ec178e091df,0.9257079995078562,0.4448273920221799,0.4430379746835443,0.017103298302832994,0.017008829673300686
F,GES,RF,42,42,6a8f4ec178e091df,0.918624385724935,0.39616586011077914,0.43386243386243384,0.016434947721554374,0.003036063740564719
F,GES,Logit,42,42,6a8f4ec178e091df,0.8229946949794096,0.09599329957298348,0.1360544217687075,0.022102364575574813,0.0061173678909144345
F,GES,FFMLP,42,42,6a8f4ec178e091df,0.7901187658770654,0.11649819830089529,0.18726591760299627,0.029749418130992872,0.04188487706091468
F,GES,XGBoost,43,43,1dc558a7e7b43671,0.9361407241751164,0.47751688887163657,0.45390070921985815,0.01573096726963272,0.010243880185346792
F,GES,LightGBM,43,43,1dc558a7e7b43671,0.9268189417460972,0.45159511733087365,0.475,0.01714892767183468,0.016766923369409558
F,GES,RF,43,43,1dc558a7e7b43671,0.9194675438406033,0.40560803234453136,0.4533333333333333,0.01620614481409002,0.00362258876153201
F,GES,Logit,43,43,1dc558a7e7b43671,0.846961373949671,0.11601655383932845,0.1871345029239766,0.021246537491293873,0.003908771503550969
F,GES,FFMLP,43,43,1dc558a7e7b43671,0.7881719029318742,0.07963631771521357,0.15060240963855423,0.032249104838991016,0.046195142029432874
F,GES,XGBoost,44,44,dce68a7f38f04fe9,0.9382612849295437,0.4712670426484949,0.44594594594594594,0.01583830223368696,0.011283585638277022
F,GES,RF,44,44,dce68a7f38f04fe9,0.9295474448328521,0.40256800063277287,0.4057971014492754,0.01634537992731339,0.002564159910539558
F,GES,LightGBM,44,44,dce68a7f38f04fe9,0.9226791439592968,0.4589775451164689,0.49056603773584906,0.016816795627383595,0.015963429836687627
F,GES,FFMLP,44,44,dce68a7f38f04fe9,0.7876146224605742,0.0682164087748283,0.10848400556328233,0.027151280438423003,0.03228931528429412
F,GES,Logit,44,44,dce68a7f38f04fe9,0.7851285725658784,0.08465502202697747,0.11538461538461539,0.02233272152056482,0.0051703296458740985
F,GES,XGBoost,45,45,88d263b2daea1860,0.9375628749882392,0.47131139458160565,0.45454545454545453,0.01590032216096103,0.011818016847235746
F,GES,RF,45,45,88d263b2daea1860,0.9338573217245298,0.4015080180869022,0.3923444976076555,0.016304793961420185,0.005857422421023205
F,GES,LightGBM,45,45,88d263b2daea1860,0.9189627345825101,0.46153752718375096,0.49056603773584906,0.01683507971795635,0.016421203669597935
F,GES,Logit,45,45,88d263b2daea1860,0.8437009213221299,0.11161466516088082,0.1797752808988764,0.021613111819302717,0.00427800358140613
F,GES,FFMLP,45,45,88d263b2daea1860,0.7594032032770988,0.06315209037595129,0.10729023383768914,0.02624360436272543,0.029897325516641683
F,GES,XGBoost,46,46,e4dabdb9afd5edc0,0.9347330481794298,0.47380940050038195,0.4148148148148148,0.015999967506241077,0.01285727859916296
F,GES,RF,46,46,e4dabdb9afd5edc0,0.9318905559053636,0.4109842564353131,0.3870967741935484,0.01621469052278446,0.003801509644953871
F,GES,LightGBM,46,46,e4dabdb9afd5edc0,0.9242605177642196,0.46306073343966175,0.4968152866242038,0.017184245666807058,0.016880119857614482
F,GES,Logit,46,46,e4dabdb9afd5edc0,0.8289800319893464,0.12952448755476828,0.1308411214953271,0.020749353498708982,0.0029513431562417057
F,GES,FFMLP,46,46,e4dabdb9afd5edc0,0.8014887349733302,0.09746861036757039,0.17956656346749225,0.027331701653506308,0.036126233021441516
F,GES,XGBoost,47,47,8798536f9ca8f7a6,0.9369078894992436,0.4686595896436297,0.4642857142857143,0.016175604986136318,0.011973667016051358
F,GES,RF,47,47,8798536f9ca8f7a6,0.9282266177417837,0.401662145507159,0.43795620437956206,0.01634107240704501,0.0045009784735812125
F,GES,LightGBM,47,47,8798536f9ca8f7a6,0.9202039501776784,0.4556326231002382,0.4968152866242038,0.017055205006547263,0.016998305807842302
F,GES,Logit,47,47,8798536f9ca8f7a6,0.8494220929138531,0.11657341578857902,0.15384615384615385,0.021303854307810136,0.009406414924079023
F,GES,FFMLP,47,47,8798536f9ca8f7a6,0.8013837925469165,0.08830088040346513,0.13836477987421383,0.0257789546010131,0.0286752840335855
F,GES,XGBoost,48,48,c5d2b894b497b54f,0.9391623423149575,0.4675768317198504,0.42786069651741293,0.016279686003169234,0.012587968624169093
F,GES,RF,48,48,c5d2b894b497b54f,0.9248087514746219,0.4035966610025288,0.3942307692307692,0.01628824154319262,0.003287671232876712
F,GES,LightGBM,48,48,c5d2b894b497b54f,0.9240108271634424,0.4608732689433334,0.4810126582278481,0.01676198459982911,0.017049738328488575
F,GES,Logit,48,48,c5d2b894b497b54f,0.8275795934023783,0.10762624298263103,0.13138686131386862,0.021706912130247096,0.004325335955903619
F,GES,FFMLP,48,48,c5d2b894b497b54f,0.7791721851908142,0.06440219154389809,0.0992063492063492,0.028755190861956853,0.03758062203725874
F,GES,XGBoost,49,49,41ba696b478eb6ce,0.9385652560957075,0.4571929830435446,0.41414141414141414,0.016372279505018603,0.012107579113052715
F,GES,LightGBM,49,49,41ba696b478eb6ce,0.9261675749614608,0.45661309255589744,0.47058823529411764,0.01700159714453721,0.016793735474013985
F,GES,RF,49,49,41ba696b478eb6ce,0.9188089396472487,0.4011437281414143,0.3961352657004831,0.016358044171093093,0.0022225328487559407
F,GES,Logit,49,49,41ba696b478eb6ce,0.8483183880843304,0.1138815574767689,0.14634146341463414,0.021402717966698397,0.008139342383406037
F,GES,FFMLP,49,49,41ba696b478eb6ce,0.7815894797026872,0.0733899677478177,0.1048158640226629,0.02756738275124572,0.03512093825966145
F,GES,XGBoost,50,50,4070bf22e13f5082,0.9361588176969119,0.4603721666579436,0.4225352112676056,0.01628850410022745,0.012642369956278801
F,GES,RF,50,50,4070bf22e13f5082,0.9280076861280587,0.40943854906623245,0.4461538461538462,0.016207639921722115,0.004795079675705899
F,GES,LightGBM,50,50,4070bf22e13f5082,0.9267574237719927,0.4566680076614325,0.4810126582278481,0.01717039830049848,0.017106801765697843
F,GES,Logit,50,50,4070bf22e13f5082,0.8444644679418979,0.11771995941355987,0.18181818181818182,0.02122635717777937,0.003738640537392831
F,GES,FFMLP,50,50,4070bf22e13f5082,0.7743954954368137,0.06262994372849955,0.10738255033557047,0.028515655004837166,0.039087931833055256
F,GES,XGBoost,51,51,18801945960e3abc,0.9378632274500438,0.46745285768029504,0.4166666666666667,0.016207229078762084,0.012829374868775799
F,GES,RF,51,51,18801945960e3abc,0.9293827937845135,0.41447512961007604,0.3776824034334764,0.01617850041934582,0.003228403690243221
F,GES,LightGBM,51,51,18801945960e3abc,0.9263629849968518,0.4614046300759921,0.47435897435897434,0.017124751682398645,0.016562016555807343
F,GES,Logit,51,51,18801945960e3abc,0.8445947412988254,0.11739563023179084,0.1322314049586777,0.021295078670359235,0.0079579383630904
F,GES,FFMLP,51,51,18801945960e3abc,0.7917869885866065,0.07436383894861882,0.12702702702702703,0.026833642644850893,0.03135682562645238
F,GES,XGBoost,52,52,209260d8ea4adae2,0.9339912137858162,0.4566450680355843,0.4528301886792453,0.01633705481112768,0.012381919403736206
F,GES,LightGBM,52,52,209260d8ea4adae2,0.9273834596261155,0.4627615234820724,0.4774193548387097,0.01742159140746815,0.01714524551965612
F,GES,RF,52,52,209260d8ea4adae2,0.9239655933589538,0.40488691588759496,0.39631336405529954,0.01626153424657534,0.004074363992172211
F,GES,Logit,52,52,209260d8ea4adae2,0.8460386043381027,0.1136952361914499,0.1797752808988764,0.02161356853419174,0.0052483972475913954
F,GES,FFMLP,52,52,209260d8ea4adae2,0.7829501125417057,0.06818418460333285,0.10841983852364476,0.02681395158707215,0.03403649924074055
F,GES,XGBoost,53,53,fd8e1522beb8295c,0.9358005659653618,0.4567009359533008,0.4307692307692308,0.016268194995920096,0.012437688231221895
F,GES,LightGBM,53,53,fd8e1522beb8295c,0.9301481497564612,0.4538155806968815,0.45454545454545453,0.017088667208968785,0.016647865332188826
F,GES,RF,53,53,fd8e1522beb8295c,0.9297356174595248,0.39904723952577115,0.3876651982378855,0.0163813698630137,0.003258596589320659
F,GES,Logit,53,53,fd8e1522beb8295c,0.8480578413704757,0.1133955000379,0.16129032258064516,0.021382660753871255,0.009571947791239757
F,GES,FFMLP,53,53,fd8e1522beb8295c,0.7626202314523308,0.0710055749227067,0.12949640287769784,0.027730758464799814,0.03155676402627531
F,GES,XGBoost,54,54,0197fc3992679433,0.9350478754586709,0.4527389080340533,0.45555555555555555,0.016453125341080437,0.013159475338689278
F,GES,RF,54,54,0197fc3992679433,0.933032257130657,0.40626038543976406,0.4492753623188406,0.016254777746715125,0.004573105954710652
F,GES,LightGBM,54,54,0197fc3992679433,0.928794754326161,0.4607189403077512,0.4625,0.017051595715278835,0.016402422516462654
F,GES,Logit,54,54,0197fc3992679433,0.8331777290458925,0.11575263747966487,0.12962962962962962,0.020831595182950104,0.003062089654669792
F,GES,FFMLP,54,54,0197fc3992679433,0.7574237719926757,0.07315180291696803,0.11235955056179775,0.02674126690283039,0.03484780010620175
F,GES,XGBoost,55,55,6a5b2d45b66924b5,0.9373855584746438,0.4615712328102022,0.44047619047619047,0.01629632959352563,0.012573268488835807
F,GES,LightGBM,55,55,6a5b2d45b66924b5,0.92672847413712,0.45985801163809437,0.44871794871794873,0.017237155693624277,0.017022155870449474
F,GES,RF,55,55,6a5b2d45b66924b5,0.9259812116869677,0.4032696424979302,0.39111111111111113,0.01632278892927034,0.004744758177243501
F,GES,Logit,55,55,6a5b2d45b66924b5,0.8095403521723082,0.09809852356466778,0.11851851851851852,0.021604167273562545,0.008032518266271901
F,GES,FFMLP,55,55,6a5b2d45b66924b5,0.7822227529655282,0.0674624574600246,0.10855263157894737,0.028374681473276268,0.04008593305482991
F,GOLEM,XGBoost,1,1,5d44aec594d57af8,0.5675033111144885,0.03034015665593391,0.04776119402985075,0.02171735753046234,0.0027283964304241487
F,GOLEM,LightGBM,1,1,5d44aec594d57af8,0.5568227051986305,0.026992030412255362,0.03991130820399113,0.021899321004868116,0.003574561263161912
F,GOLEM,RF,1,1,5d44aec594d57af8,0.5039624812732049,0.021672661151724896,0.0,0.03410664802907464,0.04273525300531171
F,GOLEM,Logit,1,1,5d44aec594d57af8,0.42187579159157856,0.021049610042179843,0.04321663019693654,0.02161029957701037,0.0007808111257510055
F,GOLEM,FFMLP,1,1,5d44aec594d57af8,0.40336611879482664,0.01777487462051725,0.01015228426395939,0.02167616455633042,0.0007702270207673029
F,GOLEM,LightGBM,2,2,140b79aa06813104,0.7274229035036295,0.04386227919389106,0.0912863070539419,0.026749695559363306,0.026513231461450546
F,GOLEM,XGBoost,2,2,140b79aa06813104,0.7064886987862866,0.04936402219924285,0.08764940239043825,0.021876345528159126,0.00892691864291774
F,GOLEM,RF,2,2,140b79aa06813104,0.680320038213518,0.03965937990422336,0.09047619047619047,0.02392407492311993,0.02199049482806821
F,GOLEM,Logit,2,2,140b79aa06813104,0.4260192080827381,0.02148986709640545,0.04321663019693654,0.0216310653135919,0.0008684049556623727
F,GOLEM,FFMLP,2,2,140b79aa06813104,0.42174732758683076,0.01931151307002868,0.04321663019693654,0.02164495148653583,0.0039560934213667825
F,GOLEM,XGBoost,3,3,5932bb55e9f26353,0.8014579759862779,0.08166750569308241,0.14049586776859505,0.021605534048872006,0.010737280820897078
F,GOLEM,RF,3,3,5932bb55e9f26353,0.750275021531291,0.070703120374417,0.12857142857142856,0.02151442325971484,0.00978641319541515
F,GOLEM,LightGBM,3,3,5932bb55e9f26353,0.7480422809417316,0.06767702867104099,0.12080536912751678,0.02251668167235784,0.017724537351699016
F,GOLEM,Logit,3,3,5932bb55e9f26353,0.42394569048497877,0.02054419754980134,0.04325212154393649,0.021636394220973024,0.0009116733596394223
F,GOLEM,FFMLP,3,3,5932bb55e9f26353,0.4075276288077817,0.018242385387945027,0.04304635761589404,0.021734461884836728,0.006592501337601713
F,GOLEM,XGBoost,4,4,fe6d7575b1d442f2,0.8353326674917313,0.14041501643011065,0.17898832684824903,0.02095883305320322,0.01081705695267601
F,GOLEM,LightGBM,4,4,fe6d7575b1d442f2,0.8147277648710656,0.12285273597916127,0.19047619047619047,0.021691259210900486,0.01868722273930614
F,GOLEM,RF,4,4,fe6d7575b1d442f2,0.8129310781567767,0.12665764338167684,0.15625,0.02077665082471345,0.008713447022644675
F,GOLEM,FFMLP,4,4,fe6d7575b1d442f2,0.4439860752256262,0.018180096531675762,0.04321663019693654,0.021662259350471766,0.0038034237956647465
F,GOLEM,Logit,4,4,fe6d7575b1d442f2,0.4222629929580013,0.020716762854644268,0.04326396495071194,0.021651232663119205,0.0010031041206159503
F,GOLEM,XGBoost,5,5,d91dafb8999ed110,0.8916885598280392,0.20173429912710558,0.2723404255319149,0.020340558967321384,0.009562998090870418
F,GOLEM,RF,5,5,d91dafb8999ed110,0.8733598222492419,0.20727683567572844,0.24427480916030533,0.01970068660889013,0.008395303326810176
F,GOLEM,LightGBM,5,5,d91dafb8999ed110,0.8586606451426131,0.15569074300356042,0.20689655172413793,0.02277203922970983,0.021011857012813544
F,GOLEM,FFMLP,5,5,d91dafb8999ed110,0.46642927966071024,0.01978531588178177,0.04356435643564356,0.021702513748114674,0.007032784601834388
F,GOLEM,Logit,5,5,d91dafb8999ed110,0.3577740625746358,0.0187927395486302,0.04334705075445816,0.021666328028960232,0.0010363009633189697
F,GOLEM,XGBoost,6,6,b5a36bb5b1ae7ab4,0.9032159425639243,0.27821435415427526,0.32558139534883723,0.018625766912389787,0.010373360373502605
F,GOLEM,LightGBM,6,6,b5a36bb5b1ae7ab4,0.8905595240680027,0.25626827261927604,0.3103448275862069,0.019620487589326118,0.018394532704327726
F,GOLEM,RF,6,6,b5a36bb5b1ae7ab4,0.8881965101215161,0.28096788842083886,0.32460732984293195,0.018346346100083868,0.005576740285155159
F,GOLEM,FFMLP,6,6,b5a36bb5b1ae7ab4,0.42212186348799674,0.019179016528866333,0.04462474645030426,0.021679102530118663,0.005993035590437026
F,GOLEM,Logit,6,6,b5a36bb5b1ae7ab4,0.38133544665667907,0.01823212836682303,0.043478260869565216,0.02169074136027618,0.0011722122919997507
F,GOLEM,XGBoost,7,7,6e8b26da04cb79b4,0.9033425972164927,0.2734046939866505,0.3173076923076923,0.01853885135671583,0.009376982023363045
F,GOLEM,LightGBM,7,7,6e8b26da04cb79b4,0.8926402790744801,0.2495110393845435,0.35802469135802467,0.020044970509934396,0.018088244047402974
F,GOLEM,RF,7,7,6e8b26da04cb79b4,0.8859149170231091,0.27186980806696354,0.3463687150837989,0.018354197372099524,0.00320659770757618
F,GOLEM,FFMLP,7,7,6e8b26da04cb79b4,0.5540779179422599,0.023573169694829085,0.044977511244377814,0.021641857886640106,0.002704099098755255
F,GOLEM,Logit,7,7,6e8b26da04cb79b4,0.3827177917218519,0.018472411426702865,0.04346629986244842,0.021689197418997906,0.0011625168154659367
F,GOLEM,XGBoost,8,8,688de5612780ce0a,0.9060602441901702,0.2754122018247453,0.3170731707317073,0.01849873094166526,0.009006746995934806
F,GOLEM,LightGBM,8,8,688de5612780ce0a,0.8949453937512214,0.2407716057585621,0.32978723404255317,0.02028720718834771,0.019562240980398694
F,GOLEM,RF,8,8,688de5612780ce0a,0.8847605503325591,0.2517929201181377,0.35106382978723405,0.018525161867486716,0.006252166620072688
F,GOLEM,FFMLP,8,8,688de5612780ce0a,0.6364939097205636,0.03833941858080727,0.04819277108433735,0.02158909909388385,0.0023795193853260307
F,GOLEM,Logit,8,8,688de5612780ce0a,0.5379276403876356,0.023186773191785727,0.043968432919954906,0.021799933054821478,0.0016453907585320749
F,GOLEM,XGBoost,9,9,0dab5d0cf7d47bc3,0.8969573933748761,0.323622642592323,0.3878787878787879,0.018032585602516592,0.010304222537711292
F,GOLEM,LightGBM,9,9,0dab5d0cf7d47bc3,0.888793596340766,0.2907183250231563,0.36129032258064514,0.020391320719779137,0.01965656254572963
F,GOLEM,RF,9,9,0dab5d0cf7d47bc3,0.8845506654797316,0.2728436645360324,0.35106382978723405,0.01832662678221974,0.0045289348616158786
F,GOLEM,FFMLP,9,9,0dab5d0cf7d47bc3,0.7270809359416954,0.046441439141984495,0.0927960927960928,0.021447869474618884,0.0033604490357485757
F,GOLEM,Logit,9,9,0dab5d0cf7d47bc3,0.6105514181702384,0.029939212349543852,0.04410517387616624,0.02183793070034316,0.002031920992889132
F,GOLEM,XGBoost,10,10,7f59bd501c3dbaab,0.8999211122449717,0.3038042559304057,0.32432432432432434,0.0182131382646341,0.009992357589869959
F,GOLEM,LightGBM,10,10,7f59bd501c3dbaab,0.8953724008655941,0.27724717207901545,0.3409090909090909,0.02009934165226164,0.018913691034914207
F,GOLEM,RF,10,10,7f59bd501c3dbaab,0.8852056509687272,0.26351573713073734,0.36097560975609755,0.018398471344702263,0.003674028515515794
F,GOLEM,FFMLP,10,10,7f59bd501c3dbaab,0.7297479210543457,0.055513890429462975,0.09836065573770492,0.021513984363914527,0.0037124546956576092
F,GOLEM,Logit,10,10,7f59bd501c3dbaab,0.5891757315210862,0.027137658403023134,0.04424276800907544,0.02185065031053984,0.0020677218191973
F,GOLEM,XGBoost,11,11,0511ae592ab833b7,0.9012998386057856,0.2965237573051674,0.3888888888888889,0.018266025195134122,0.011152122482951124
F,GOLEM,RF,11,11,0511ae592ab833b7,0.8940407176614484,0.2725527609297781,0.37158469945355194,0.018316432764886773,0.004862175006989097
F,GOLEM,LightGBM,11,11,0511ae592ab833b7,0.8937910270606714,0.28352378781142884,0.32558139534883723,0.020394596160665322,0.019689961466676037
F,GOLEM,FFMLP,11,11,0511ae592ab833b7,0.7347887762265599,0.06055070583335316,0.11048158640226628,0.021299803615800812,0.0036843821650065305
F,GOLEM,Logit,11,11,0511ae592ab833b7,0.5832302002590992,0.027200598245593902,0.049888641425389756,0.02190958011796006,0.0025342127793643193
F,GOLEM,RF,12,12,96fce1d1ba2fa699,0.9008330257434628,0.2762059561209857,0.33783783783783783,0.018237062342745317,0.003460441710930947
F,GOLEM,XGBoost,12,12,96fce1d1ba2fa699,0.8919382504288165,0.3207488500546906,0.375,0.017965426452851777,0.010967329631879538
F,GOLEM,LightGBM,12,12,96fce1d1ba2fa699,0.89080921466878,0.31595484782362643,0.4129032258064516,0.019705462011063924,0.018731506709043173
F,GOLEM,FFMLP,12,12,96fce1d1ba2fa699,0.7441648392209653,0.06647787414095668,0.10062893081761007,0.02132180908390115,0.0036767704075429913
F,GOLEM,Logit,12,12,96fce1d1ba2fa699,0.7037185805994023,0.04739450413495885,0.08270676691729323,0.021684979347477255,0.0033678847788870857
F,GOLEM,RF,13,13,da2acca4fb88b2aa,0.8957125590753486,0.2725845198724527,0.3515151515151515,0.018313303885937937,0.004570310315907186
F,GOLEM,XGBoost,13,13,da2acca4fb88b2aa,0.8922530777080573,0.30286585384614884,0.3516483516483517,0.01819657802621164,0.01240090536741763
F,GOLEM,LightGBM,13,13,da2acca4fb88b2aa,0.8909322506169891,0.30659566621434325,0.3357664233576642,0.019825286289934237,0.018686115152781246
F,GOLEM,FFMLP,13,13,da2acca4fb88b2aa,0.743915148620188,0.06835594396886728,0.09195402298850575,0.021491794630525866,0.0016599280719596125
F,GOLEM,Logit,13,13,da2acca4fb88b2aa,0.7042505301401886,0.04902843933652322,0.07942238267148015,0.022119043349239555,0.003919993297728295
F,GOLEM,RF,14,14,40021117058bf5f8,0.9007190365561515,0.2686625893780116,0.35714285714285715,0.018326140341067935,0.0037478333799273126
F,GOLEM,XGBoost,14,14,40021117058bf5f8,0.8873931577537979,0.320207720922863,0.36363636363636365,0.018003950857674055,0.011769494005479705
F,GOLEM,LightGBM,14,14,40021117058bf5f8,0.880738360437429,0.30893447807538776,0.3825136612021858,0.019433683700736136,0.018407237091249917
F,GOLEM,FFMLP,14,14,40021117058bf5f8,0.7414508109516468,0.06207718611611803,0.09090909090909091,0.02125955401407759,0.0013329547949433153
F,GOLEM,Logit,14,14,40021117058bf5f8,0.7058898032148568,0.048937293620570727,0.12133072407045009,0.022064879839391,0.003961667513707088
F,GOLEM,RF,15,15,06292a569571a05e,0.8913646857879005,0.27046666996468327,0.3157894736842105,0.018296721274811294,0.0046871680178920865
F,GOLEM,LightGBM,15,15,06292a569571a05e,0.8857068415224614,0.30675293796832237,0.37988826815642457,0.01951135401695469,0.018829701077358367
F,GOLEM,XGBoost,15,15,06292a569571a05e,0.8825766622518473,0.31827393603550597,0.3624161073825503,0.018025868099832833,0.011128807850668937
F,GOLEM,FFMLP,15,15,06292a569571a05e,0.742684789138097,0.06446902728628563,0.11888111888111888,0.021246476468404028,0.002739502771072526
F,GOLEM,Logit,15,15,06292a569571a05e,0.7070948317664344,0.049173260757693765,0.08552631578947369,0.02206369815807505,0.004173359229834847
F,GOLEM,RF,16,16,b7b5c4109c72032c,0.8871796541966115,0.2612636573210348,0.3132530120481928,0.018529874196253845,0.004175566116857701
F,GOLEM,LightGBM,16,16,b7b5c4109c72032c,0.8844547698142157,0.31244613354372947,0.4,0.019519357871556866,0.018794181851391097
F,GOLEM,XGBoost,16,16,b7b5c4109c72032c,0.8842665971875431,0.2948438767457573,0.35348837209302325,0.01854756159303073,0.012178321944136743
F,GOLEM,FFMLP,16,16,b7b5c4109c72032c,0.7376149843310101,0.06436528429270458,0.08888888888888889,0.021169259487258642,0.0010640641295829906
F,GOLEM,Logit,16,16,b7b5c4109c72032c,0.7079597021082571,0.04900183631751028,0.07947019867549669,0.02204546203864289,0.004204323347987189
F,GOLEM,RF,17,17,3a806dc9661ea3e8,0.8978602601124692,0.26054249208219626,0.3026315789473684,0.01858702264467431,0.004812412636287391
F,GOLEM,LightGBM,17,17,3a806dc9661ea3e8,0.8773621092703967,0.3352829050614986,0.40229885057471265,0.018778237083720048,0.017573038360349822
F,GOLEM,XGBoost,17,17,3a806dc9661ea3e8,0.8772933538875741,0.312963523263046,0.37,0.01803020537305299,0.01176945895356508
F,GOLEM,FFMLP,17,17,3a806dc9661ea3e8,0.752281593098407,0.07840510909393011,0.14388489208633093,0.021135062083011923,0.0036694809923566584
F,GOLEM,Logit,17,17,3a806dc9661ea3e8,0.7105506944293666,0.04989923207024333,0.07947019867549669,0.022008972032157483,0.004019939693519129
F,GOLEM,RF,18,18,823207e695be1ff0,0.8875487620412388,0.2665428399244051,0.32,0.0184147922840369,0.0042079955269779135
F,GOLEM,LightGBM,18,18,823207e695be1ff0,0.8824717198254338,0.3349641911759126,0.367816091954023,0.01888713973498291,0.017892081230689576
F,GOLEM,XGBoost,18,18,823207e695be1ff0,0.8785237133696652,0.3117073114681538,0.34444444444444444,0.018182544554031316,0.012628266736260996
F,GOLEM,FFMLP,18,18,823207e695be1ff0,0.7404484298441786,0.06496310276181622,0.11267605633802817,0.02119523263359512,0.0016267952457932674
F,GOLEM,Logit,18,18,823207e695be1ff0,0.7112997662316984,0.05026999851830515,0.08053691275167785,0.02199830494916376,0.003912275691425638
F,GOLEM,RF,19,19,1d74dd8a956d56e1,0.8942397464011985,0.2659250630859855,0.323943661971831,0.018419908303047246,0.0032893486161587925
F,GOLEM,LightGBM,19,19,1d74dd8a956d56e1,0.8798843462086835,0.33681906169768544,0.37209302325581395,0.018834779905676453,0.017996129276899593
F,GOLEM,XGBoost,19,19,1d74dd8a956d56e1,0.8781835551599104,0.3192753016729167,0.36046511627906974,0.01812882193448517,0.01193376242341711
F,GOLEM,FFMLP,19,19,1d74dd8a956d56e1,0.740900767889065,0.06364376599707276,0.09486166007905138,0.021241200215113935,0.0010058232639083853
F,GOLEM,Logit,19,19,1d74dd8a956d56e1,0.7109885576568165,0.050453682853364996,0.07947019867549669,0.02202207170612124,0.003517598610887705
F,GOLEM,RF,20,20,1049748cd586d498,0.8828679679527542,0.2619468634973178,0.31788079470198677,0.018465544310875038,0.004831422980150962
F,GOLEM,XGBoost,20,20,1049748cd586d498,0.8808794899074336,0.32217145134602493,0.3695652173913043,0.01784861510807497,0.012433025713875653
F,GOLEM,LightGBM,20,20,1049748cd586d498,0.8796418930166243,0.3205452466943983,0.3431952662721893,0.019275647673861827,0.018576072481059504
F,GOLEM,FFMLP,20,20,1049748cd586d498,0.7543478732874481,0.07474414643529774,0.0958904109589041,0.021124887049849713,0.0020181458731886722
F,GOLEM,Logit,20,20,1049748cd586d498,0.7162791034298079,0.052207627591423035,0.08496732026143791,0.022038151460303388,0.003252167637640535
F,GOLEM,RF,21,21,d9428be70001da5d,0.8927108438094824,0.2798236833770038,0.32653061224489793,0.0181850824713447,0.0029085826111266404
F,GOLEM,XGBoost,21,21,d9428be70001da5d,0.8854173451737342,0.3343662694221554,0.37714285714285717,0.017707096147529345,0.010574006141981734
F,GOLEM,LightGBM,21,21,d9428be70001da5d,0.8824065831469701,0.34222933775088216,0.3875,0.0189387705467623,0.018308021034570823
F,GOLEM,FFMLP,21,21,d9428be70001da5d,0.7588531602145168,0.07333398047463244,0.10526315789473684,0.021481055907999768,0.002319604011556106
F,GOLEM,Logit,21,21,d9428be70001da5d,0.7331422657431733,0.05871180599725379,0.1282565130260521,0.02204302571416432,0.0037514011742578296
F,GOLEM,RF,22,22,9147b30f4345a55a,0.9045168667810177,0.2735998674587018,0.3270440251572327,0.01829875202683813,0.0038507128878948844
F,GOLEM,XGBoost,22,22,9147b30f4345a55a,0.8828335902613428,0.3194238120006216,0.36923076923076925,0.018131741177385224,0.01328161901223916
F,GOLEM,LightGBM,22,22,9147b30f4345a55a,0.8788530154663424,0.34160425936514144,0.38095238095238093,0.018876290536666056,0.01838492843945429
F,GOLEM,FFMLP,22,22,9147b30f4345a55a,0.7557483118744165,0.0727241158158963,0.13333333333333333,0.021905630897681626,0.004727237062986452
F,GOLEM,Logit,22,22,9147b30f4345a55a,0.7338008699365279,0.05932679580778563,0.132,0.022096085143885,0.0038873489352403106
F,GOLEM,RF,23,23,d48478f1798435b8,0.8996515187702194,0.3002546414924824,0.36464088397790057,0.01777709700866648,0.0031596309756779426
F,GOLEM,XGBoost,23,23,d48478f1798435b8,0.8941999406532486,0.3362038825576718,0.3930635838150289,0.01779383364716944,0.01202308754973022
F,GOLEM,LightGBM,23,23,d48478f1798435b8,0.8900311932315753,0.3483772208336437,0.3851851851851852,0.019200111702786515,0.019170664901829275
F,GOLEM,FFMLP,23,23,d48478f1798435b8,0.7490718023318932,0.07089811959477409,0.1529051987767584,0.02119773958631708,0.002141970544345292
F,GOLEM,Logit,23,23,d48478f1798435b8,0.7364461428230238,0.06057440756762009,0.12981744421906694,0.022045189117610265,0.004202399290284726
F,GOLEM,RF,24,24,6f2d862936d8ad71,0.896638947391276,0.3053955585945206,0.36464088397790057,0.017769432485322895,0.002370142577578976
F,GOLEM,XGBoost,24,24,6f2d862936d8ad71,0.8903785888500482,0.34109928017336105,0.41025641025641024,0.017659355077799966,0.011714855817919624
F,GOLEM,LightGBM,24,24,6f2d862936d8ad71,0.8829747197313473,0.33794262253979246,0.38848920863309355,0.019100404755625248,0.01852887693089528
F,GOLEM,FFMLP,24,24,6f2d862936d8ad71,0.7636515621946719,0.08511519288573308,0.125,0.021629017643647365,0.0037294347891060685
F,GOLEM,Logit,24,24,6f2d862936d8ad71,0.7362615889007099,0.06064918055360012,0.12955465587044535,0.022044678740678333,0.0041874989664840165
F,GOLEM,RF,25,25,710761342f601788,0.9005453387469151,0.32697243736755044,0.4,0.017555163544870002,0.004869443667878109
F,GOLEM,LightGBM,25,25,710761342f601788,0.8888334020887162,0.35426255412790214,0.40601503759398494,0.01887093415898026,0.017706663310009262
F,GOLEM,XGBoost,25,25,710761342f601788,0.8886958913230707,0.35838480794322514,0.4069767441860465,0.017304928263677202,0.012225302191946404
F,GOLEM,FFMLP,25,25,710761342f601788,0.7698684962835906,0.0874712911668527,0.16194331983805668,0.021156465706651188,0.003903568907426594
F,GOLEM,Logit,25,25,710761342f601788,0.7404411924354604,0.0628231289943493,0.14829659318637275,0.021975770943784282,0.0035119140089427264
F,GOLEM,RF,26,26,9dd66c347bd7a388,0.9029155901021199,0.3341915834351071,0.40816326530612246,0.01746808275090858,0.004919765166340508
F,GOLEM,LightGBM,26,26,9dd66c347bd7a388,0.8897380781784889,0.3581984231819608,0.40522875816993464,0.01894950400804717,0.018563013544757975
F,GOLEM,XGBoost,26,26,9dd66c347bd7a388,0.8851966042078294,0.3336694428345911,0.37158469945355194,0.017907375328146635,0.012400122290919257
F,GOLEM,FFMLP,26,26,9dd66c347bd7a388,0.7799574440367371,0.09666974579431308,0.12903225806451613,0.021299789871774333,0.003897945655664486
F,GOLEM,Logit,26,26,9dd66c347bd7a388,0.740976760680606,0.06289476131686855,0.14829659318637275,0.021971953321127807,0.0036380572333597322
F,NOTEARS,XGBoost,1,1,b93202c111b3750e,0.5675033111144885,0.03034015665593391,0.04776119402985075,0.02171735753046234,0.0027283964304241487
F,NOTEARS,LightGBM,1,1,b93202c111b3750e,0.5568227051986305,0.026992030412255362,0.03991130820399113,0.021899321004868116,0.003574561263161912
F,NOTEARS,RF,1,1,b93202c111b3750e,0.5039624812732049,0.021672661151724896,0.0,0.03410664802907464,0.04273525300531171
F,NOTEARS,Logit,1,1,b93202c111b3750e,0.42187579159157856,0.021049610042179843,0.04321663019693654,0.02161030805680029,0.0007808467101937673
F,NOTEARS,FFMLP,1,1,b93202c111b3750e,0.407124143271743,0.019551017400853965,0.010471204188481676,0.021674899930079313,0.0007439264712601618
F,NOTEARS,LightGBM,2,2,4f5cf972f16a40f0,0.698339376569613,0.05011143064896013,0.10344827586206896,0.025859675836889733,0.024246307947158523
F,NOTEARS,XGBoost,2,2,4f5cf972f16a40f0,0.6871503426913028,0.05014313859465431,0.10196078431372549,0.02178498398492291,0.0050873609503425486
F,NOTEARS,RF,2,2,4f5cf972f16a40f0,0.6247928291754421,0.04085984770076035,0.07194244604316546,0.023468319821079116,0.022351132233715407
F,NOTEARS,FFMLP,2,2,4f5cf972f16a40f0,0.4650161756084852,0.02524803734568697,0.04321663019693654,0.02165514830525862,0.004162924426696571
F,NOTEARS,Logit,2,2,4f5cf972f16a40f0,0.4250385392014243,0.02122794583928979,0.04321663019693654,0.02163212555977407,0.0008614226283816347
F,NOTEARS,XGBoost,3,3,94e03e7799b97478,0.7683522591571315,0.0755214662546332,0.12669683257918551,0.021962800146149507,0.01082139425755572
F,NOTEARS,LightGBM,3,3,94e03e7799b97478,0.7125825969269962,0.05015497605486322,0.05673758865248227,0.023535353510402982,0.02200568223238434
F,NOTEARS,RF,3,3,94e03e7799b97478,0.666740850106028,0.051014722678083976,0.07777777777777778,0.022442049762370696,0.013412915851272016
F,NOTEARS,Logit,3,3,94e03e7799b97478,0.42649325835377905,0.021046069308151796,0.04321663019693654,0.021655878369578753,0.0010345849097733012
F,NOTEARS,FFMLP,3,3,94e03e7799b97478,0.397073191914367,0.01730520718937362,0.04321663019693654,0.02172557516889575,0.003455317820567373
F,NOTEARS,XGBoost,4,4,3ca6494e3892385b,0.832864711118831,0.16209869007467917,0.18269230769230768,0.02045751587699235,0.009440170974893247
F,NOTEARS,RF,4,4,3ca6494e3892385b,0.7949678297182476,0.11915963776516514,0.20279720279720279,0.02083041095890411,0.008598825831702545
F,NOTEARS,LightGBM,4,4,3ca6494e3892385b,0.7933303659957589,0.12419715932861922,0.21052631578947367,0.022049305088479867,0.018744806411935797
F,NOTEARS,Logit,4,4,3ca6494e3892385b,0.41349849100028224,0.020346153078478674,0.04325212154393649,0.021650800995019235,0.0009215309038607405
F,NOTEARS,FFMLP,4,4,3ca6494e3892385b,0.4075384849208589,0.01853498391702851,0.043060808844922895,0.021739351755931644,0.005935729449775787
F,NOTEARS,XGBoost,5,5,83b3c7441236a113,0.8563139153657425,0.27080642746668376,0.32727272727272727,0.01861643347012966,0.008585926116024205
F,NOTEARS,LightGBM,5,5,83b3c7441236a113,0.8389513718508226,0.2024639352144071,0.25225225225225223,0.02019051013924599,0.018793517737445323
F,NOTEARS,RF,5,5,83b3c7441236a113,0.8336771102474472,0.20181529506467455,0.28448275862068967,0.01940386133631535,0.0057036622868325395
F,NOTEARS,Logit,5,5,83b3c7441236a113,0.43186703432702955,0.019762785897332626,0.04334705075445816,0.02167025316705915,0.0011425095493723951
F,NOTEARS,FFMLP,5,5,83b3c7441236a113,0.41041173618197746,0.01795412743138585,0.04449648711943794,0.02170603295260753,0.004924730496438881
F,NOTEARS,XGBoost,6,6,d6b4cf265d20ee9e,0.8699473840386188,0.2725461368613737,0.31724137931034485,0.018516848027004627,0.00971012032711355
F,NOTEARS,RF,6,6,d6b4cf265d20ee9e,0.8657569243907911,0.23674199000331436,0.2847682119205298,0.01888526474699469,0.005887615320100642
F,NOTEARS,LightGBM,6,6,d6b4cf265d20ee9e,0.8430965976941616,0.23342334674554244,0.2876712328767123,0.020205568203434145,0.01840496475525395
F,NOTEARS,FFMLP,6,6,d6b4cf265d20ee9e,0.5238110746828205,0.024598916922706673,0.040268456375838924,0.021711816440644523,0.00182432567803327
F,NOTEARS,Logit,6,6,d6b4cf265d20ee9e,0.5211404708658112,0.02270725289335985,0.04321663019693654,0.021664755234107224,0.0010750421997591424
F,NOTEARS,XGBoost,7,7,832d03dd04676ff3,0.8679390031193231,0.2648052452469798,0.319672131147541,0.018819018111498612,0.010397380760378529
F,NOTEARS,LightGBM,7,7,832d03dd04676ff3,0.8635097089837955,0.22228119012042113,0.2882882882882883,0.020736882301351203,0.019755269255261224
F,NOTEARS,RF,7,7,832d03dd04676ff3,0.8559701384516287,0.22389829303960354,0.3018867924528302,0.019211841207715963,0.0056902432205759
F,NOTEARS,FFMLP,7,7,832d03dd04676ff3,0.6881436770378734,0.0370103773600127,0.06645569620253164,0.021603315431213025,0.0024420452091466933
F,NOTEARS,Logit,7,7,832d03dd04676ff3,0.6650852928617438,0.03139445558170767,0.047504509921828024,0.021702671770167485,0.001524707405071899
F,NOTEARS,LightGBM,8,8,889ef10cf013e726,0.8707615925194142,0.22873287213419075,0.3033175355450237,0.020568511315651884,0.019833146915849715
F,NOTEARS,XGBoost,8,8,889ef10cf013e726,0.8702477365004234,0.2527616177206707,0.32,0.01902797941562653,0.009962738173950526
F,NOTEARS,RF,8,8,889ef10cf013e726,0.85437248047709,0.23686632698540436,0.3008849557522124,0.01900833324014537,0.005903270897400058
F,NOTEARS,FFMLP,8,8,889ef10cf013e726,0.7056328752053616,0.04553466449466473,0.06818181818181818,0.021495478738991904,0.0035788266455323995
F,NOTEARS,Logit,8,8,889ef10cf013e726,0.5276288077816618,0.022376539108665165,0.04677914110429448,0.02170412208640406,0.0014066214527024385
F,NOTEARS,LightGBM,9,9,3a0b62d5c326a42b,0.8764176274326739,0.22459715585209614,0.30392156862745096,0.020755359879722598,0.020036821266943863
F,NOTEARS,XGBoost,9,9,3a0b62d5c326a42b,0.8741631746169601,0.2606941866278933,0.26136363636363635,0.018813200135775664,0.010048482885497274
F,NOTEARS,RF,9,9,3a0b62d5c326a42b,0.8688093015176847,0.21461933095176744,0.2967032967032967,0.01923890075482248,0.003992731339110986
F,NOTEARS,FFMLP,9,9,3a0b62d5c326a42b,0.7114770827452939,0.045336325224760304,0.0546448087431694,0.02189192290462796,0.0028808040641766885
F,NOTEARS,Logit,9,9,3a0b62d5c326a42b,0.5826548262660037,0.026822164256283657,0.050683829444891394,0.021804889966585812,0.0018474867292811795
F,NOTEARS,XGBoost,10,10,bb4d1078957f8842,0.8741704120256784,0.24362954165800632,0.3417085427135678,0.019162261470628227,0.011311984079691296
F,NOTEARS,LightGBM,10,10,bb4d1078957f8842,0.8701391753696507,0.20644466365122147,0.2962962962962963,0.02118398651411753,0.020214010935930275
F,NOTEARS,RF,10,10,bb4d1078957f8842,0.8637793024585477,0.22189102555159526,0.3111111111111111,0.01928089795918367,0.004333799273133907
F,NOTEARS,FFMLP,10,10,bb4d1078957f8842,0.718377951958081,0.05523977183655271,0.08421052631578947,0.02154478742977072,0.00315566852934573
F,NOTEARS,Logit,10,10,bb4d1078957f8842,0.5785258845922806,0.026806119097587032,0.04962339388568897,0.021834625580659656,0.002366873231633768
F,NOTEARS,LightGBM,11,11,6194646071f9a87d,0.8837020793075248,0.22244147090318173,0.30851063829787234,0.020924124392913284,0.019775057503753024
F,NOTEARS,XGBoost,11,11,6194646071f9a87d,0.8790737564322469,0.25977854968017744,0.31645569620253167,0.018918225791900035,0.009714710006741864
F,NOTEARS,RF,11,11,6194646071f9a87d,0.8712157399164803,0.2174071886076969,0.28735632183908044,0.01922842941012021,0.004901873077998322
F,NOTEARS,FFMLP,11,11,6194646071f9a87d,0.739905624190315,0.05436546170936486,0.1168091168091168,0.021433028597806904,0.004196699604554518
F,NOTEARS,Logit,11,11,6194646071f9a87d,0.5761918202806667,0.027197424569614922,0.04925241864555849,0.021905778945416437,0.0023877066296360545
F,NOTEARS,LightGBM,12,12,c6222f4b42894a80,0.8729219590217918,0.24038314765796204,0.2994652406417112,0.0204609869778265,0.01961620534422983
F,NOTEARS,XGBoost,12,12,c6222f4b42894a80,0.8671175572298094,0.25944276372742514,0.35526315789473684,0.018671226567017044,0.010046455891464951
F,NOTEARS,RF,12,12,c6222f4b42894a80,0.8607233066272951,0.2072965962079474,0.2840909090909091,0.019390615599664523,0.003502376292982947
F,NOTEARS,FFMLP,12,12,c6222f4b42894a80,0.741378436864465,0.06363659101093566,0.13225806451612904,0.021548306276679304,0.002019179813607565
F,NOTEARS,Logit,12,12,c6222f4b42894a80,0.6109530943540974,0.030158690307506755,0.05571565802113353,0.021917574426853027,0.0027328551457256383
F,NOTEARS,LightGBM,13,13,cd8173b70fdabb94,0.88093377047282,0.2417790881804768,0.3333333333333333,0.02063117501593317,0.019912554921924612
F,NOTEARS,XGBoost,13,13,cd8173b70fdabb94,0.8630537522345499,0.2619257955924708,0.328042328042328,0.018655231547373266,0.010421318752805187
F,NOTEARS,RF,13,13,cd8173b70fdabb94,0.8546022682038923,0.19818276529784895,0.24691358024691357,0.01950253284875594,0.004253844003354764
F,NOTEARS,FFMLP,13,13,cd8173b70fdabb94,0.7402855881480195,0.06884870435797863,0.1566265060240964,0.02117993294117835,0.001529619481486417
F,NOTEARS,Logit,13,13,cd8173b70fdabb94,0.707199774192848,0.04818689867211569,0.07586206896551724,0.02154230460117732,0.0030565187364449144
F,NOTEARS,LightGBM,14,14,eac0305927b7d64a,0.8804343892712653,0.24446114283585313,0.32978723404255317,0.02046308454125662,0.019633731175850166
F,NOTEARS,XGBoost,14,14,eac0305927b7d64a,0.8671754564995551,0.27116228497283335,0.3225806451612903,0.01853961742403739,0.010079529210362717
F,NOTEARS,RF,14,14,eac0305927b7d64a,0.8513273407589148,0.19416687644904204,0.2545454545454545,0.019505341906625662,0.0031244059267542617
F,NOTEARS,FFMLP,14,14,eac0305927b7d64a,0.750334730153216,0.06415054184565355,0.14209591474245115,0.021241162102180088,0.005283587321905673
F,NOTEARS,Logit,14,14,eac0305927b7d64a,0.7099174211665256,0.048871748557023906,0.08,0.021511610038803194,0.0026342980068237987
F,NOTEARS,LightGBM,15,15,5f565b9fb64a7d79,0.8731137503528236,0.2451295578456286,0.30939226519337015,0.020376831526665484,0.01938965301430111
F,NOTEARS,XGBoost,15,15,5f565b9fb64a7d79,0.8594386665798177,0.2684943569447379,0.34408602150537637,0.01858266047283173,0.010541495728039077
F,NOTEARS,RF,15,15,5f565b9fb64a7d79,0.8576166489350154,0.1953804891119308,0.23741007194244604,0.01954287950796757,0.004043611965334076
F,NOTEARS,FFMLP,15,15,5f565b9fb64a7d79,0.7513081616258115,0.06150383109635387,0.12735166425470332,0.021291564744121385,0.0016514937606084807
F,NOTEARS,Logit,15,15,5f565b9fb64a7d79,0.70981971614883,0.04879480503050939,0.08080808080808081,0.021505040367206827,0.0026190579773515384
F,NOTEARS,LightGBM,16,16,3c4bcc168e185389,0.8761317497883057,0.2603654008579734,0.32044198895027626,0.020520486676184713,0.02044589330513333
F,NOTEARS,RF,16,16,3c4bcc168e185389,0.8620947955793907,0.18915979419792323,0.24028268551236748,0.019632376852110705,0.004228683254123569
F,NOTEARS,XGBoost,16,16,3c4bcc168e185389,0.862026040196568,0.26067478900918245,0.2746478873239437,0.01872747205798074,0.011687535175135598
F,NOTEARS,FFMLP,16,16,3c4bcc168e185389,0.7503202553357795,0.06684900114883778,0.1337579617834395,0.02122800035604168,0.002094950969571802
F,NOTEARS,Logit,16,16,3c4bcc168e185389,0.7099717017319119,0.04896363140348918,0.08163265306122448,0.021503013064447338,0.0025633764955482878
F,NOTEARS,LightGBM,17,17,ef876b4a9df5a116,0.8663395357926048,0.25576049860601385,0.3333333333333333,0.02008873735290142,0.01952650187122649
F,NOTEARS,XGBoost,17,17,ef876b4a9df5a116,0.8610707022457679,0.238072384003792,0.3025210084033613,0.019009074187264597,0.0108637036138618
F,NOTEARS,RF,17,17,ef876b4a9df5a116,0.8429681336894138,0.1786872453703229,0.24761904761904763,0.01976108470785574,0.00350796757058988
F,NOTEARS,FFMLP,17,17,ef876b4a9df5a116,0.7473094933090156,0.06417218034102105,0.12481857764876633,0.021774652855414998,0.002797784760223609
F,NOTEARS,Logit,17,17,ef876b4a9df5a116,0.7108872339347619,0.048203625943570305,0.08888888888888889,0.021499363857360357,0.0028133821998095948
F,NOTEARS,LightGBM,18,18,af2b0246c2f22fab,0.8647653993964001,0.25155553551242316,0.29714285714285715,0.020047351123507216,0.019484306260561038
F,NOTEARS,XGBoost,18,18,af2b0246c2f22fab,0.8562903937874085,0.24899064302350923,0.2992125984251969,0.018986203553978034,0.011372584165228848
F,NOTEARS,RF,18,18,af2b0246c2f22fab,0.8449692771999914,0.19777648621133812,0.23809523809523808,0.019519521386636846,0.004262790047525859
F,NOTEARS,FFMLP,18,18,af2b0246c2f22fab,0.7492925432977976,0.06852425128384233,0.15031315240083507,0.02121857472011454,0.0014481674015380354
F,NOTEARS,Logit,18,18,af2b0246c2f22fab,0.7087341048411027,0.04752710621487768,0.08280254777070063,0.021519940075337786,0.0030298129234524536
F,PC,XGBoost,1,1,2acb74dbd7bd057e,0.5359970616120604,0.02549409403042411,0.050383351588170866,0.021863277359423887,0.003359952532765184
F,PC,LightGBM,1,1,2acb74dbd7bd057e,0.5343849288200853,0.02535764810931409,0.010869565217391304,0.022065405924793068,0.00504265868906683
F,PC,RF,1,1,2acb74dbd7bd057e,0.5050444738765731,0.021913311199110816,0.024390243902439025,0.03260935532569192,0.04124461839530333
F,PC,Logit,1,1,2acb74dbd7bd057e,0.45709302241425487,0.024670295359272742,0.04321663019693654,0.021595464257093876,0.0005181973129107266
F,PC,FFMLP,1,1,2acb74dbd7bd057e,0.4495824015169609,0.022493637530679983,0.04321663019693654,0.0216360432385082,0.0025370185879736856
F,PC,LightGBM,2,2,a5b5b295620f8bed,0.698339376569613,0.05011143064896013,0.10344827586206896,0.025859675836889733,0.024246307947158523
F,PC,XGBoost,2,2,a5b5b295620f8bed,0.680774185610584,0.05120847008818609,0.0992063492063492,0.02174494771637232,0.006221404979992236
F,PC,RF,2,2,a5b5b295620f8bed,0.6214220060649485,0.03869646638769061,0.07792207792207792,0.023634450097847357,0.023214425496225887
F,PC,Logit,2,2,a5b5b295620f8bed,0.4250421579057834,0.02123019472119597,0.04321663019693654,0.021632756366519224,0.0008648080574054836
F,PC,FFMLP,2,2,a5b5b295620f8bed,0.40357238494329495,0.017454985484986488,0.04321663019693654,0.02179539818861383,0.006283652753383547
F,PC,XGBoost,3,3,5cf90b5edf72667f,0.773968488322441,0.07782190530359766,0.0821917808219178,0.02165495656264499,0.008447853030534325
F,PC,LightGBM,3,3,5cf90b5edf72667f,0.7421329367233356,0.05282127290216226,0.11527377521613832,0.025162488096450917,0.02326239726451581
F,PC,RF,3,3,5cf90b5edf72667f,0.7001071136490291,0.05325925996416324,0.09595959595959595,0.022335368185630415,0.016784456248252724
F,PC,Logit,3,3,5cf90b5edf72667f,0.41877094325147823,0.02128843176733053,0.04321663019693654,0.02162877193269571,0.0008420555443712788
F,PC,FFMLP,3,3,5cf90b5edf72667f,0.3632654464395568,0.016086704938173855,0.04321663019693654,0.021735794866205756,0.005041945740780518
F,PC,XGBoost,4,4,950d85bca05dd77f,0.8127410961779244,0.10697458255763632,0.18181818181818182,0.021377790984979238,0.009667991115853527
F,PC,RF,4,4,950d85bca05dd77f,0.7861219069124491,0.08582959278832168,0.17010309278350516,0.021407459882583166,0.008012859938495948
F,PC,LightGBM,4,4,950d85bca05dd77f,0.7477763061713385,0.07992907086149134,0.13333333333333333,0.022668599411556446,0.02021478731069667
F,PC,Logit,4,4,950d85bca05dd77f,0.41652010914012344,0.020352472223814477,0.04321663019693654,0.021633506878872718,0.000906380282381182
F,PC,FFMLP,4,4,950d85bca05dd77f,0.39463418517633947,0.01877072235726571,0.04321663019693654,0.021870292320367336,0.012228601580646606
F,PC,XGBoost,5,5,b3389ea9a2d038ca,0.8919310130200983,0.20448156223415218,0.2589928057553957,0.01996161644490343,0.009762480651383331
F,PC,RF,5,5,b3389ea9a2d038ca,0.8641411728944568,0.20553616588934165,0.30522088353413657,0.019377699748392506,0.0060408163265306125
F,PC,LightGBM,5,5,b3389ea9a2d038ca,0.8545027538340173,0.18969889094588485,0.26720647773279355,0.021244445695122773,0.019456224863726092
F,PC,FFMLP,5,5,b3389ea9a2d038ca,0.47896989961714104,0.019601987626329524,0.044160371876815804,0.02171440080329408,0.0031832212742094147
F,PC,Logit,5,5,b3389ea9a2d038ca,0.4268913158332791,0.020695127381397605,0.04321663019693654,0.021634604092401633,0.0009081953016404395
F,PC,XGBoost,6,6,46c7802b88378834,0.9055246759450246,0.26426151833052824,0.31223628691983124,0.0185739153863348,0.009092300366256193
F,PC,RF,6,6,46c7802b88378834,0.8953832569786713,0.25452083858737595,0.36649214659685864,0.018500496505451495,0.004833659491193736
F,PC,LightGBM,6,6,46c7802b88378834,0.8948404513248076,0.2190823439577085,0.3315508021390374,0.02126597831943987,0.01932179546565943
F,PC,Logit,6,6,46c7802b88378834,0.45175905218895424,0.019958743431735412,0.04331140350877193,0.021650255787481424,0.0009889492497469018
F,PC,FFMLP,6,6,46c7802b88378834,0.39363542277323027,0.019590123332985532,0.04458785567615137,0.021673044212180324,0.005098708873775573
F,PC,XGBoost,7,7,42ad0f30d99576ea,0.9047249422816654,0.26706192420250946,0.3119266055045872,0.018709743928401492,0.009415918405680417
F,PC,LightGBM,7,7,42ad0f30d99576ea,0.8949490124555803,0.22637016109937072,0.3285024154589372,0.02093183727882827,0.019391298132346784
F,PC,RF,7,7,42ad0f30d99576ea,0.8927524589096121,0.23511531336163102,0.35428571428571426,0.018687798714006148,0.005800391389432484
F,PC,FFMLP,7,7,42ad0f30d99576ea,0.5947955793907549,0.03385235002076967,0.04321663019693654,0.021714162449667063,0.0006322826037268271
F,PC,Logit,7,7,42ad0f30d99576ea,0.5440468694588589,0.0237385751871954,0.04395604395604396,0.02171017333646081,0.0013549192855522366
F,PC,LightGBM,8,8,c2f13db4fa9587a8,0.9037207518220176,0.22575834941787362,0.3,0.020548998377481083,0.02033528176375671
F,PC,XGBoost,8,8,c2f13db4fa9587a8,0.9033371691599541,0.23224748963713138,0.2962962962962963,0.019458365166285317,0.012446655118554154
F,PC,RF,8,8,c2f13db4fa9587a8,0.8997709360140695,0.25852192640990695,0.313953488372093,0.01842291864691082,0.0037355325691920595
F,PC,FFMLP,8,8,c2f13db4fa9587a8,0.6675966736869531,0.04513269618242703,0.05660377358490566,0.021582305687296896,0.003355737463647939
F,PC,Logit,8,8,c2f13db4fa9587a8,0.546902027198182,0.02475014254443267,0.04321663019693654,0.021705920501727503,0.001348477662042935
F,PC,LightGBM,9,9,f1dae46cde9d5ed0,0.9039523489009995,0.2669575047227251,0.35294117647058826,0.020342645521295152,0.019631706500429457
F,PC,XGBoost,9,9,f1dae46cde9d5ed0,0.8991069037641762,0.277492304084608,0.3568075117370892,0.018835561220671215,0.011651446990750006
F,PC,RF,9,9,f1dae46cde9d5ed0,0.8970062458837238,0.26789385378280933,0.3687150837988827,0.018304072686608892,0.0040631814369583436
F,PC,FFMLP,9,9,f1dae46cde9d5ed0,0.6878216123499143,0.04293654845590667,0.06611570247933884,0.021810253425578834,0.003121081753723743
F,PC,Logit,9,9,f1dae46cde9d5ed0,0.5918789036773274,0.027509592529171657,0.044142614601018676,0.021776841566564665,0.0018520410758469078
F,PC,XGBoost,10,10,dcdfcb1839ed0107,0.8989657742941717,0.2911629673421124,0.3595505617977528,0.018433851717020274,0.010599023755717899
F,PC,RF,10,10,dcdfcb1839ed0107,0.8947499837158304,0.2708903371493291,0.36538461538461536,0.018280874475817725,0.006180598266703943
F,PC,LightGBM,10,10,dcdfcb1839ed0107,0.893385732172453,0.2697712773529851,0.35,0.020276063127630032,0.019243765487043853
F,PC,FFMLP,10,10,dcdfcb1839ed0107,0.7236105984613268,0.055942579772478906,0.09473684210526316,0.021405771885560473,0.003913103771802931
F,PC,Logit,10,10,dcdfcb1839ed0107,0.5756019714701348,0.026114384052212714,0.05038236617183985,0.021754535409683137,0.0017599798119673753
F,PC,XGBoost,11,11,b2d9e3ac65acdcce,0.9054287802795087,0.30296731564810997,0.38461538461538464,0.0180537524969267,0.009944222332180163
F,PC,LightGBM,11,11,b2d9e3ac65acdcce,0.8955171490399577,0.2959485322303528,0.3756906077348066,0.019687100465577936,0.018926018241849113
F,PC,RF,11,11,b2d9e3ac65acdcce,0.8931342322194962,0.2668774023293251,0.35443037974683544,0.018311520268381325,0.0033419066256639633
F,PC,FFMLP,11,11,b2d9e3ac65acdcce,0.7042650049576249,0.05531218869063157,0.09510086455331412,0.021532203508221208,0.003314262876213679
F,PC,Logit,11,11,b2d9e3ac65acdcce,0.5767454820476077,0.026199416737662146,0.05022421524663677,0.02179486478790542,0.0018675692560268505
F,PC,RF,12,12,3a4f3db67c20c422,0.9091234774301409,0.26223525018222227,0.36046511627906974,0.018403058428850993,0.005503494548504332
F,PC,XGBoost,12,12,3a4f3db67c20c422,0.9023492628699221,0.2961032443367382,0.358974358974359,0.018441498579507568,0.011923693161486941
F,PC,LightGBM,12,12,3a4f3db67c20c422,0.8873678268232841,0.2835434599639579,0.36585365853658536,0.02015143652404128,0.019569491331181268
F,PC,FFMLP,12,12,3a4f3db67c20c422,0.7129716076455985,0.058705750629447134,0.09574468085106383,0.021290798385157468,0.002795155798802337
F,PC,Logit,12,12,3a4f3db67c20c422,0.5781893450868851,0.026141306292156562,0.05067873303167421,0.021777472377275488,0.0018889248883115755
F,PC,XGBoost,13,13,78129d8c0793f97e,0.9057942694197769,0.30559321506456955,0.34782608695652173,0.018366201725809796,0.012249625941333882
F,PC,RF,13,13,78129d8c0793f97e,0.8981931809135058,0.279091266146484,0.348993288590604,0.0182617724350014,0.00526027397260274
F,PC,LightGBM,13,13,78129d8c0793f97e,0.8858190213575932,0.3141306565116607,0.4,0.019318653899769046,0.018689658576309137
F,PC,FFMLP,13,13,78129d8c0793f97e,0.7300193238812775,0.06197312483599875,0.1295774647887324,0.021326945775054913,0.004418553563180104
F,PC,Logit,13,13,78129d8c0793f97e,0.5795753088564171,0.026283041682295893,0.050816696914700546,0.02177788557138092,0.0019189731689327613
F,PC,XGBoost,14,14,2640d16d5eb10fde,0.9213148924159194,0.3455257896862427,0.3915343915343915,0.017688945749038787,0.011106054874505198
F,PC,RF,14,14,2640d16d5eb10fde,0.9176238139696463,0.2803397684150917,0.38341968911917096,0.01825285434721834,0.0039849035504612796
F,PC,LightGBM,14,14,2640d16d5eb10fde,0.9049909170520587,0.34732480221701056,0.40559440559440557,0.018693485353605706,0.018629640004479715
F,PC,FFMLP,14,14,2640d16d5eb10fde,0.7104747016378254,0.04920637679406222,0.10729023383768914,0.021638180032419362,0.004248175392516306
F,PC,Logit,14,14,2640d16d5eb10fde,0.5798648052051444,0.026484382241845687,0.04943820224719101,0.02202081843093424,0.0019538730486482092
F,PC,XGBoost,15,15,db530282923044dc,0.9185574396942918,0.34548138548784124,0.3357664233576642,0.017772521302563623,0.012441976842342104
F,PC,RF,15,15,db530282923044dc,0.9095975277011819,0.28594980475992754,0.3333333333333333,0.018222140341067932,0.005229521945764605
F,PC,LightGBM,15,15,db530282923044dc,0.9010175796657764,0.36494765373371296,0.4429530201342282,0.01831686011059189,0.017911833106035464
F,PC,FFMLP,15,15,db530282923044dc,0.7109523706132257,0.05370622567175886,0.10309278350515463,0.02144580405072474,0.0026462868591294077
F,PC,Logit,15,15,db530282923044dc,0.5828357614839583,0.026819334891310706,0.04948268106162843,0.02204403227920101,0.002132375098944625
F,PC,XGBoost,16,16,fe0a618a4400ef48,0.9153367928147006,0.3499509901323088,0.31666666666666665,0.017719125440201166,0.012363018324952249
F,PC,RF,16,16,fe0a618a4400ef48,0.9094003083136114,0.27643319136786454,0.3522727272727273,0.018389469387755104,0.006020128599384957
F,PC,LightGBM,16,16,fe0a618a4400ef48,0.9001997524806218,0.3729167177659513,0.46258503401360546,0.018219310957784958,0.01742880115883708
F,PC,FFMLP,16,16,fe0a618a4400ef48,0.721153498201504,0.05921074564697801,0.1291759465478842,0.021500789655632468,0.004076127445094573
F,PC,Logit,16,16,fe0a618a4400ef48,0.5898560479405953,0.027933455659391357,0.05104831358249772,0.022122250571685757,0.002791656354857901
F,PC,XGBoost,17,17,8e947346f7ed3fe0,0.9257478052558062,0.37140628270081666,0.4,0.017258513819651405,0.011366202829258302
F,PC,RF,17,17,8e947346f7ed3fe0,0.9078659776653568,0.2824161183984902,0.32051282051282054,0.018242423259714844,0.004332681017612523
F,PC,LightGBM,17,17,8e947346f7ed3fe0,0.9017557953550311,0.37121841423597085,0.41379310344827586,0.018300466760705694,0.017683165724991977
F,PC,FFMLP,17,17,8e947346f7ed3fe0,0.728731065129441,0.06064050466383615,0.11914893617021277,0.021924574042973807,0.0028547317264531287
F,PC,Logit,17,17,8e947346f7ed3fe0,0.647849403999392,0.03534589796169246,0.06005459508644222,0.02220177605115845,0.0030974627988881428
F,PC,XGBoost,18,18,c83c26238669a20a,0.920981971614883,0.3505762139342279,0.35602094240837695,0.01748766957698111,0.011883169929175395
F,PC,LightGBM,18,18,c83c26238669a20a,0.9082405135665227,0.38481646841539485,0.43209876543209874,0.018517837496105874,0.018644844440729724
F,PC,RF,18,18,c83c26238669a20a,0.9008800689001311,0.2906850811543026,0.30434782608695654,0.01808126362873917,0.005789208834218618
F,PC,FFMLP,18,18,c83c26238669a20a,0.7169268515100853,0.0618094501227345,0.13615023474178403,0.021367934924273566,0.0036990226792920937
F,PC,Logit,18,18,c83c26238669a20a,0.6485297204189012,0.03518429884410524,0.060218978102189784,0.022317723411513155,0.0033652362056037412
F,PC,XGBoost,19,19,9795ed9fa640803b,0.9249444528880879,0.35368073006184947,0.3712574850299401,0.01756755908610254,0.012734044102982088
F,PC,LightGBM,19,19,9795ed9fa640803b,0.9107229447568593,0.3884162344168822,0.4431137724550898,0.018539179081543476,0.017838133510680688
F,PC,RF,19,19,9795ed9fa640803b,0.9066953268051906,0.29334918282211303,0.3287671232876712,0.018171560525580097,0.004303047246295777
F,PC,FFMLP,19,19,9795ed9fa640803b,0.7337393519624233,0.0594759529171901,0.11782945736434108,0.02163177254578981,0.005231240585650483
F,PC,Logit,19,19,9795ed9fa640803b,0.6486636124801876,0.035249810474072406,0.059770114942528735,0.022313730900861136,0.0033181575229723832
F,PC,XGBoost,20,20,6a70cabfe5104abc,0.9193137489053419,0.39450179095509397,0.40425531914893614,0.016831524962940925,0.011303230695715993
F,PC,RF,20,20,6a70cabfe5104abc,0.9185628677508304,0.3680932593963087,0.36893203883495146,0.016939723790886214,0.00392731339110987
F,PC,LightGBM,20,20,6a70cabfe5104abc,0.9065361038133907,0.4179111329390951,0.4294478527607362,0.017727980305254836,0.017266581828290745
F,PC,FFMLP,20,20,6a70cabfe5104abc,0.757829066880894,0.07248972460362786,0.14320987654320988,0.021459052418034804,0.004585249522877434
F,PC,Logit,20,20,6a70cabfe5104abc,0.657402783507393,0.03682359270212166,0.06038086391082211,0.02237590379605855,0.003510883650214594
F,PC,RF,21,21,ac0713d3eecfcacd,0.9214180254901536,0.3735858583891246,0.4024390243902439,0.016846673748951636,0.002684931506849314
F,PC,XGBoost,21,21,ac0713d3eecfcacd,0.9104515419299274,0.391586828819831,0.4,0.016943287306760056,0.013111026782145674
F,PC,LightGBM,21,21,ac0713d3eecfcacd,0.9071259526239225,0.4216572341800201,0.4431137724550898,0.017596580274729,0.016642473637469474
F,PC,FFMLP,21,21,ac0713d3eecfcacd,0.7405714657923876,0.06220083635590975,0.09467455621301775,0.021395803892511268,0.0027037745985799494
F,PC,Logit,21,21,ac0713d3eecfcacd,0.6847855193926365,0.04093485955131695,0.05787781350482315,0.02240487227602369,0.003558449497017055
F,PC,XGBoost,22,22,53a85c01fe6d0b7e,0.9122717502225502,0.3894325271299061,0.4,0.017051616971052633,0.011178749093256302
F,PC,RF,22,22,53a85c01fe6d0b7e,0.9117597035557389,0.3727560253114409,0.4177215189873418,0.01685569359798714,0.003427453173050043
F,PC,LightGBM,22,22,53a85c01fe6d0b7e,0.9080161538962589,0.4242496923180013,0.43209876543209874,0.017473050813120908,0.017247776021193543
F,PC,FFMLP,22,22,53a85c01fe6d0b7e,0.7482250255118656,0.07071044944658782,0.09523809523809523,0.021685069346377227,0.004633949233777771
F,PC,Logit,22,22,53a85c01fe6d0b7e,0.6831607211354047,0.04081006400175214,0.06853582554517133,0.02239460222525543,0.003505970157126322
F,PC,XGBoost,23,23,cdc2001fb0e0a04f,0.9137011384443914,0.409733721974481,0.38961038961038963,0.01666686662832697,0.011877821917537059
F,PC,RF,23,23,cdc2001fb0e0a04f,0.9126100990801254,0.38074856291097275,0.40236686390532544,0.0167845803746156,0.0035879228403690225
F,PC,LightGBM,23,23,cdc2001fb0e0a04f,0.9083309811754999,0.413449183583201,0.3969465648854962,0.017777511964810047,0.017100861033035313
F,PC,FFMLP,23,23,cdc2001fb0e0a04f,0.7608144979771443,0.0747141778917802,0.14137214137214138,0.02146417981740317,0.004100173036912848
F,PC,Logit,23,23,cdc2001fb0e0a04f,0.6908757988289872,0.04290174392856792,0.06355320173326914,0.022387852238192608,0.00353793930545187
F,PC,RF,24,24,f013b14af9b65489,0.9196141013671465,0.388980059286143,0.425,0.01668812748112944,0.004115180318702822
F,PC,XGBoost,24,24,f013b14af9b65489,0.913523821930796,0.4011285480278559,0.4,0.016842299631765513,0.0122178533151725
F,PC,LightGBM,24,24,f013b14af9b65489,0.9079546359221544,0.4148535457690646,0.40522875816993464,0.017872360594555457,0.017525952303025512
F,PC,FFMLP,24,24,f013b14af9b65489,0.7482069319900703,0.06706736625111687,0.14678899082568808,0.021559939651558134,0.004537822048603937
F,PC,Logit,24,24,f013b14af9b65489,0.6902823313140963,0.04263396114435726,0.06811145510835913,0.022356185836385396,0.003463251425087546
