SET,DAG,MODEL,K_EDGE,TRIAL,SEED,FEATURE_KEY,N_FEAT,AUROC,AUPRC,F1,Brier,ECE
OFR,NOTEARS,LightGBM,5,0,5035,edb2a2c2351bae2e,5,0.7571668439831803,0.11773514436707798,0.1590909090909091,0.021764536875135538,0.02099299736647467
OFR,NOTEARS,XGBoost,5,0,5035,edb2a2c2351bae2e,5,0.7781444731528324,0.129759438518967,0.19875776397515527,0.02093793557908723,0.010108895297819654
OFR,NOTEARS,FFMLP,5,0,5035,edb2a2c2351bae2e,5,0.7165866933003309,0.050073303963705504,0.0922384701912261,0.021384821225997018,0.0021176721467455577
OFR,NOTEARS,Logit,5,0,5035,edb2a2c2351bae2e,5,0.6613833583023934,0.03530527925024842,0.04677623261694058,0.02162211456482079,0.0010523046419642493
OFR,NOTEARS,RF,5,0,5035,edb2a2c2351bae2e,5,0.7525710894471344,0.1341944520029079,0.19900497512437812,0.020569778026279004,0.008937098126922
OFR,NOTEARS,LightGBM,5,1,5036,b789918cf2ba0933,5,0.7344413806080871,0.0897367470652776,0.14492753623188406,0.022128006654875923,0.02072455942232406
OFR,NOTEARS,XGBoost,5,1,5036,b789918cf2ba0933,5,0.7486665074436749,0.07579084787864071,0.10399032648125756,0.021784146618684903,0.012718916468391012
OFR,NOTEARS,FFMLP,5,1,5036,b789918cf2ba0933,5,0.7582922610388577,0.06341167961025328,0.10572687224669604,0.021135369315495898,0.001494849298064991
OFR,NOTEARS,Logit,5,1,5036,b789918cf2ba0933,5,0.7564973836767485,0.05575740087705181,0.10025062656641603,0.0212228247160929,0.004077182707609536
OFR,NOTEARS,RF,5,1,5036,b789918cf2ba0933,5,0.7397482105506944,0.07155113591483847,0.12184873949579832,0.02195996645233436,0.011834498182834776
OFR,NOTEARS,LightGBM,5,2,5037,4dabe9304fc7231f,5,0.8177258614325726,0.12682241839963526,0.17258883248730963,0.02307635312246522,0.02210656852690297
OFR,NOTEARS,XGBoost,5,2,5037,4dabe9304fc7231f,5,0.8380919295655384,0.1269422580011609,0.19913419913419914,0.021499759797507623,0.012885475907446639
OFR,NOTEARS,FFMLP,5,2,5037,4dabe9304fc7231f,5,0.7737947905132047,0.0932455532337209,0.13333333333333333,0.021070164093392196,0.0022474206559128826
OFR,NOTEARS,Logit,5,2,5037,4dabe9304fc7231f,5,0.7597361240781351,0.05408596646716055,0.08968609865470852,0.021332396692068937,0.0008931551444261007
OFR,NOTEARS,RF,5,2,5037,4dabe9304fc7231f,5,0.8174924550014112,0.11683296715996956,0.20304568527918782,0.02111188929270338,0.011265865250209674
OFR,NOTEARS,LightGBM,5,3,5038,2b6bcc40f0af8161,5,0.7525240462904662,0.07638177352512684,0.13411078717201166,0.022443868716804552,0.01996058322983047
OFR,NOTEARS,XGBoost,5,3,5038,2b6bcc40f0af8161,5,0.747722025605952,0.0786848479101639,0.12931034482758622,0.021737108867389502,0.011630054572136301
OFR,NOTEARS,FFMLP,5,3,5038,2b6bcc40f0af8161,5,0.7892358020134471,0.07654620911598858,0.1343570057581574,0.020967462650239577,0.005019202752380956
OFR,NOTEARS,Logit,5,3,5038,2b6bcc40f0af8161,5,0.7660326696629539,0.06157130392216317,0.10429447852760736,0.021221161866687974,0.0012839757964158577
OFR,NOTEARS,RF,5,3,5038,2b6bcc40f0af8161,5,0.713874474383192,0.07115410980384933,0.12307692307692308,0.021869988258317027,0.01329549902152642
OFR,NOTEARS,LightGBM,5,4,5039,ce93804e87c72d51,5,0.7287600147643138,0.06831837298641165,0.11904761904761904,0.023060296060536084,0.021651835032651126
OFR,NOTEARS,XGBoost,5,4,5039,ce93804e87c72d51,5,0.741971904379356,0.0821598641600676,0.12109375,0.02176979704240673,0.01096423107454788
OFR,NOTEARS,FFMLP,5,4,5039,ce93804e87c72d51,5,0.6714144067857943,0.0351919869103446,0.07345807345807345,0.021501574787009217,0.0020375631375747043
OFR,NOTEARS,Logit,5,4,5039,ce93804e87c72d51,5,0.6752900391543811,0.03729309204622936,0.043795620437956206,0.021559869749576608,0.0015654269904982032
OFR,NOTEARS,RF,5,4,5039,ce93804e87c72d51,5,0.7138998053137056,0.07255860456591642,0.13068181818181818,0.02157152362314789,0.009849035504612804
OFR,NOTEARS,LightGBM,10,0,10035,0c6134f8186d2965,10,0.8804054396363926,0.21336912378341732,0.275,0.020865854472101413,0.020266545204879347
OFR,NOTEARS,XGBoost,10,0,10035,0c6134f8186d2965,10,0.8834596261154655,0.2094501374189568,0.24285714285714285,0.01978160738075144,0.01171391572530397
OFR,NOTEARS,FFMLP,10,0,10035,0c6134f8186d2965,10,0.7702991221023225,0.06433499868567999,0.15135135135135136,0.021145767062991268,0.004726992525849756
OFR,NOTEARS,Logit,10,0,10035,0c6134f8186d2965,10,0.7684173958355951,0.05620086880310654,0.09703504043126684,0.021298965964241606,0.0031501520021290108
OFR,NOTEARS,RF,10,0,10035,0c6134f8186d2965,10,0.8844963849143452,0.20129443445108797,0.2839506172839506,0.01937742018451216,0.005987140061504051
OFR,NOTEARS,LightGBM,10,1,10036,fa1d9866afca229e,10,0.8812920222043699,0.36406448130198055,0.3870967741935484,0.018763322694780784,0.017765565338999263
OFR,NOTEARS,XGBoost,10,1,10036,fa1d9866afca229e,10,0.8919310130200984,0.362925227100443,0.32432432432432434,0.018057167752885024,0.01282383821243855
OFR,NOTEARS,FFMLP,10,1,10036,fa1d9866afca229e,10,0.8887755028189707,0.20815459191362792,0.3575418994413408,0.01956611512321818,0.01001967566266452
OFR,NOTEARS,Logit,10,1,10036,fa1d9866afca229e,10,0.9152246129795688,0.23866172199100774,0.2937062937062937,0.0194769509271004,0.008970207324351824
OFR,NOTEARS,RF,10,1,10036,fa1d9866afca229e,10,0.9005073423511446,0.3468396977242495,0.32592592592592595,0.017234252166620074,0.004814090019569472
OFR,NOTEARS,LightGBM,10,2,10037,5b40fe9e212fc526,10,0.8721113692453554,0.24311090030464008,0.2897196261682243,0.02030253224002628,0.01973317716667258
OFR,NOTEARS,XGBoost,10,2,10037,5b40fe9e212fc526,10,0.8717639736268825,0.24620418953211573,0.27184466019417475,0.01917358514589735,0.010627098313303909
OFR,NOTEARS,FFMLP,10,2,10037,5b40fe9e212fc526,10,0.796447879801116,0.08199228602587944,0.1708542713567839,0.02088287651116795,0.005944307857063652
OFR,NOTEARS,Logit,10,2,10037,5b40fe9e212fc526,10,0.7250978859529135,0.04827857641459823,0.09806835066864784,0.0214679887536578,0.0030696947311472872
OFR,NOTEARS,RF,10,2,10037,5b40fe9e212fc526,10,0.8408891880351159,0.21079815709879024,0.24858757062146894,0.019553377690802346,0.004149846239865809
OFR,NOTEARS,LightGBM,10,3,10038,d513ad3387338dd7,10,0.8361378292116292,0.22110356837142772,0.26732673267326734,0.02017858541456473,0.01954083788296881
OFR,NOTEARS,XGBoost,10,3,10038,d513ad3387338dd7,10,0.8364852248301018,0.19592035902077948,0.2236024844720497,0.019781101650195487,0.009114533498766604
OFR,NOTEARS,FFMLP,10,3,10038,d513ad3387338dd7,10,0.7859825867946241,0.09590859350120562,0.17582417582417584,0.020826008401600208,0.0038816866646907426
OFR,NOTEARS,Logit,10,3,10038,d513ad3387338dd7,10,0.7398513436249285,0.05190885732753575,0.10377358490566038,0.02142433853769384,0.0027815593582548983
OFR,NOTEARS,RF,10,3,10038,d513ad3387338dd7,10,0.8283214277959919,0.19962387203172846,0.21011673151750973,0.019812029074643554,0.005751747274252167
OFR,NOTEARS,LightGBM,10,4,10039,bd6a0b007556c905,10,0.9292072866230975,0.38927720111114167,0.38620689655172413,0.017808183718574466,0.016831511728135934
OFR,NOTEARS,XGBoost,10,4,10039,bd6a0b007556c905,10,0.9352613790158572,0.40269503270759943,0.4294478527607362,0.01694168719337182,0.010629908511152676
OFR,NOTEARS,FFMLP,10,4,10039,bd6a0b007556c905,10,0.905280413400786,0.20003449229886155,0.2589928057553957,0.01936257614983553,0.009042726016791134
OFR,NOTEARS,Logit,10,4,10039,bd6a0b007556c905,10,0.9201134825687011,0.23577917879912574,0.2857142857142857,0.01918927398588939,0.010622216846222901
OFR,NOTEARS,RF,10,4,10039,bd6a0b007556c905,10,0.9165345839575598,0.3849153632532181,0.38095238095238093,0.01660466200726866,0.004535085266983505
OFR,NOTEARS,LightGBM,20,0,20035,c1c5d6f5a01c20df,20,0.908334599879859,0.38537488830058486,0.4305555555555556,0.018423077984142666,0.018723410647203065
OFR,NOTEARS,XGBoost,20,0,20035,c1c5d6f5a01c20df,20,0.9104225922950547,0.3636036450251273,0.3783783783783784,0.017547064440480976,0.011489147194373498
OFR,NOTEARS,FFMLP,20,0,20035,c1c5d6f5a01c20df,20,0.8850663308509022,0.23508709918130907,0.28169014084507044,0.019123536643610585,0.006470969358970991
OFR,NOTEARS,Logit,20,0,20035,c1c5d6f5a01c20df,20,0.8993891627041853,0.19742305072748456,0.25,0.02001385660027599,0.007021929082233349
OFR,NOTEARS,RF,20,0,20035,c1c5d6f5a01c20df,20,0.9212497557374558,0.33937107816719386,0.3956043956043956,0.017311512440592675,0.003956388034665921
OFR,NOTEARS,LightGBM,20,1,20036,195616a4508b45c2,20,0.8971564221146261,0.28368635634744876,0.34355828220858897,0.020138385384347965,0.019477115310579586
OFR,NOTEARS,XGBoost,20,1,20036,195616a4508b45c2,20,0.8924159194042164,0.2665438749622906,0.27450980392156865,0.019117147200836578,0.012968239309758297
OFR,NOTEARS,FFMLP,20,1,20036,195616a4508b45c2,20,0.7876146224605742,0.08347831808569085,0.16939890710382513,0.020949552384056012,0.006172181885853005
OFR,NOTEARS,Logit,20,1,20036,195616a4508b45c2,20,0.7507834494937432,0.06133555998387308,0.08333333333333333,0.02159472996918742,0.00356597930711989
OFR,NOTEARS,RF,20,1,20036,195616a4508b45c2,20,0.8895100998038663,0.21303494387721336,0.26490066225165565,0.019230053117137266,0.005598546267822196
OFR,NOTEARS,LightGBM,20,2,20037,e4731145181bcd29,20,0.8855295250088658,0.33813362788199075,0.3821656050955414,0.01899939611525482,0.018333919154284777
OFR,NOTEARS,XGBoost,20,2,20037,e4731145181bcd29,20,0.8886452294620435,0.2894097255582969,0.3270440251572327,0.01881190057962866,0.012990984552325604
OFR,NOTEARS,FFMLP,20,2,20037,e4731145181bcd29,20,0.8156921495827634,0.12603904577521224,0.21224489795918366,0.020454208910527547,0.0063868800854075545
OFR,NOTEARS,Logit,20,2,20037,e4731145181bcd29,20,0.7811697099970327,0.06875321531150617,0.12686567164179105,0.021253808616737396,0.0033805024921667007
OFR,NOTEARS,RF,20,2,20037,e4731145181bcd29,20,0.8909666283084006,0.243669228707059,0.28776978417266186,0.018846221973720996,0.005326251048364551
OFR,NOTEARS,LightGBM,20,3,20038,1d3484d5d575ebe7,20,0.906315362847486,0.4297216219105344,0.45962732919254656,0.01760812347071714,0.01761441988996045
OFR,NOTEARS,XGBoost,20,3,20038,1d3484d5d575ebe7,20,0.9103719304340273,0.4074268499823658,0.42168674698795183,0.017115379714788895,0.012100501174613863
OFR,NOTEARS,FFMLP,20,3,20038,1d3484d5d575ebe7,20,0.8864703881422296,0.20543823731480512,0.30962343096234307,0.019609227136950607,0.008245574128687766
OFR,NOTEARS,Logit,20,3,20038,1d3484d5d575ebe7,20,0.9062683196908179,0.20601287851285827,0.3170731707317073,0.019734887537970466,0.008441379949613923
OFR,NOTEARS,RF,20,3,20038,1d3484d5d575ebe7,20,0.9137174226140072,0.37705894453895544,0.37894736842105264,0.016743908303047245,0.004619513558848196
OFR,NOTEARS,LightGBM,20,4,20039,aa179c87980ac93f,20,0.9237249495190742,0.4106911009636494,0.4624277456647399,0.017989272535326752,0.017884053360238506
OFR,NOTEARS,XGBoost,20,4,20039,aa179c87980ac93f,20,0.931765710604975,0.409307984057055,0.4397163120567376,0.017110020900557903,0.012292433774704362
OFR,NOTEARS,FFMLP,20,4,20039,aa179c87980ac93f,20,0.8859565321232385,0.22078940779094128,0.3842364532019704,0.01940917960942663,0.011244073340412553
OFR,NOTEARS,Logit,20,4,20039,aa179c87980ac93f,20,0.9273147042432928,0.23861921542179082,0.32142857142857145,0.019448855118205887,0.013677046328612184
OFR,NOTEARS,RF,20,4,20039,aa179c87980ac93f,20,0.9255089707681061,0.4018568974522987,0.40875912408759124,0.016446718479172492,0.003156835336874475
OFR,NOTEARS,LightGBM,30,0,30035,5031276ca29a1c83,30,0.9326486744685933,0.4591815977536453,0.46258503401360546,0.016756499906826126,0.016238510174564243
OFR,NOTEARS,XGBoost,30,0,30035,5031276ca29a1c83,30,0.9288598910046247,0.4390328174092969,0.42105263157894735,0.016632379933655222,0.014348119867211564
OFR,NOTEARS,FFMLP,30,0,30035,5031276ca29a1c83,30,0.8771884114611604,0.2619936837951997,0.359375,0.019213800116005406,0.008233613843608075
OFR,NOTEARS,Logit,30,0,30035,5031276ca29a1c83,30,0.9128398868069276,0.22337635508842263,0.31645569620253167,0.020008508825980396,0.007805462508218013
OFR,NOTEARS,RF,30,0,30035,5031276ca29a1c83,30,0.9254510714983608,0.4022445722704735,0.3803680981595092,0.016468096169974838,0.005495666759854625
OFR,NOTEARS,LightGBM,30,1,30036,0f4a1f267a018b5c,30,0.9347873287448162,0.46126032046686277,0.45517241379310347,0.01698779194939473,0.01685131748170411
OFR,NOTEARS,XGBoost,30,1,30036,0f4a1f267a018b5c,30,0.9317114300395886,0.44084684810598973,0.4311377245508982,0.016374851140213764,0.011484163286250841
OFR,NOTEARS,FFMLP,30,1,30036,0f4a1f267a018b5c,30,0.8792836412850743,0.23168910581370877,0.31092436974789917,0.01943634466493325,0.007663958897329356
OFR,NOTEARS,Logit,30,1,30036,0f4a1f267a018b5c,30,0.913288606147455,0.22278341255202383,0.3184713375796178,0.019971866125931576,0.007820189404229782
OFR,NOTEARS,RF,30,1,30036,0f4a1f267a018b5c,30,0.9261422440309471,0.39054662605025703,0.40789473684210525,0.0166236913614761,0.004119653340788371
OFR,NOTEARS,LightGBM,30,2,30037,40c731ffa07fa9a4,30,0.9292217614405338,0.46095451738430926,0.45517241379310347,0.016465861146470192,0.016413384862359975
OFR,NOTEARS,XGBoost,30,2,30037,40c731ffa07fa9a4,30,0.9322976601457614,0.45124293702071594,0.4748201438848921,0.016239202095431834,0.012256676901359948
OFR,NOTEARS,FFMLP,30,2,30037,40c731ffa07fa9a4,30,0.8788674902837789,0.25981093045357234,0.3516483516483517,0.01912617721223608,0.006852695982416883
OFR,NOTEARS,Logit,30,2,30037,40c731ffa07fa9a4,30,0.913169188903605,0.22329604399914238,0.3225806451612903,0.019988303999973752,0.007878369988181574
OFR,NOTEARS,RF,30,2,30037,40c731ffa07fa9a4,30,0.9237321869277924,0.4014084575091338,0.3974358974358974,0.01654188649706458,0.004721274811294382
OFR,NOTEARS,LightGBM,30,3,30038,35ea8acfb791e8a9,30,0.9331082499221979,0.46361728733086294,0.44871794871794873,0.01680149145227068,0.016645628019395224
OFR,NOTEARS,XGBoost,30,3,30038,35ea8acfb791e8a9,30,0.9311469121595704,0.4449662989483367,0.42857142857142855,0.016408507500411437,0.013076087834650947
OFR,NOTEARS,FFMLP,30,3,30038,35ea8acfb791e8a9,30,0.8811074682820562,0.22724580122057553,0.3708609271523179,0.019320169171356736,0.007676997065527464
OFR,NOTEARS,Logit,30,3,30038,35ea8acfb791e8a9,30,0.9133645989389958,0.22397657999492265,0.32051282051282054,0.019999284102715207,0.008008420243890597
OFR,NOTEARS,RF,30,3,30038,35ea8acfb791e8a9,30,0.9263448914750563,0.4013462384462454,0.39490445859872614,0.016528802907464356,0.003931786413195414
OFR,NOTEARS,LightGBM,30,4,30039,da0d5616097ea8fb,30,0.935485738686121,0.4575184678183353,0.4714285714285714,0.016891490111694312,0.016551789674291245
OFR,NOTEARS,XGBoost,30,4,30039,da0d5616097ea8fb,30,0.9325943939032069,0.4528858605626799,0.4413793103448276,0.016242277201058083,0.011940402585569419
OFR,NOTEARS,FFMLP,30,4,30039,da0d5616097ea8fb,30,0.8722488800110009,0.23363180295659194,0.3472222222222222,0.019335081230615992,0.007854605738780737
OFR,NOTEARS,Logit,30,4,30039,da0d5616097ea8fb,30,0.9134442104348959,0.2239009778895464,0.3184713375796178,0.020002964818343284,0.007749198126776067
OFR,NOTEARS,RF,30,4,30039,da0d5616097ea8fb,30,0.9341757677081297,0.39528243184883416,0.39263803680981596,0.0166424053676265,0.0030198490355046147
OFR,NOTEARS,LightGBM,40,0,30035,abad785a71130f76,30,0.9326486744685933,0.4591815977536453,0.46258503401360546,0.016756499906826126,0.01623851017456424
OFR,NOTEARS,XGBoost,40,0,30035,abad785a71130f76,30,0.9288598910046247,0.4390328174092969,0.42105263157894735,0.016632379933655222,0.014348119867211564
OFR,NOTEARS,FFMLP,40,0,30035,abad785a71130f76,30,0.8771884114611604,0.2619936837951997,0.359375,0.019213800116005406,0.008233613843608075
OFR,NOTEARS,Logit,40,0,30035,abad785a71130f76,30,0.9128398868069276,0.22337635508842263,0.31645569620253167,0.020008508825980396,0.007805462508218013
OFR,NOTEARS,RF,40,0,30035,abad785a71130f76,30,0.9254510714983608,0.4022445722704735,0.3803680981595092,0.016468096169974838,0.005495666759854625
OFR,NOTEARS,LightGBM,40,1,30036,93528fddbe7aa9d5,30,0.9347873287448162,0.46126032046686277,0.45517241379310347,0.01698779194939473,0.016851317481704115
OFR,NOTEARS,XGBoost,40,1,30036,93528fddbe7aa9d5,30,0.9317114300395886,0.44084684810598973,0.4311377245508982,0.016374851140213764,0.011484163286250841
OFR,NOTEARS,FFMLP,40,1,30036,93528fddbe7aa9d5,30,0.8792836412850743,0.23168910581370877,0.31092436974789917,0.01943634466493325,0.007663958897329356
OFR,NOTEARS,Logit,40,1,30036,93528fddbe7aa9d5,30,0.913288606147455,0.22278341255202383,0.3184713375796178,0.019971866125931576,0.007820189404229782
OFR,NOTEARS,RF,40,1,30036,93528fddbe7aa9d5,30,0.9261422440309471,0.39054662605025703,0.40789473684210525,0.0166236913614761,0.004119653340788371
OFR,NOTEARS,LightGBM,40,2,30037,3d41f0cc48932bfa,30,0.9292217614405338,0.46095451738430926,0.45517241379310347,0.016465861146470195,0.016413384862359978
OFR,NOTEARS,XGBoost,40,2,30037,3d41f0cc48932bfa,30,0.9322976601457614,0.45124293702071594,0.4748201438848921,0.016239202095431834,0.012256676901359948
OFR,NOTEARS,FFMLP,40,2,30037,3d41f0cc48932bfa,30,0.8788674902837789,0.25981093045357234,0.3516483516483517,0.01912617721223608,0.006852695982416883
OFR,NOTEARS,Logit,40,2,30037,3d41f0cc48932bfa,30,0.913169188903605,0.22329604399914238,0.3225806451612903,0.019988303999973752,0.007878369988181574
OFR,NOTEARS,RF,40,2,30037,3d41f0cc48932bfa,30,0.9237321869277924,0.4014084575091338,0.3974358974358974,0.01654188649706458,0.004721274811294382
OFR,NOTEARS,LightGBM,40,3,30038,10cf413879c807b9,30,0.9331082499221979,0.46361728733086294,0.44871794871794873,0.01680149145227068,0.016645628019395224
OFR,NOTEARS,XGBoost,40,3,30038,10cf413879c807b9,30,0.9311469121595704,0.4449662989483367,0.42857142857142855,0.016408507500411437,0.013076087834650947
OFR,NOTEARS,FFMLP,40,3,30038,10cf413879c807b9,30,0.8811074682820562,0.22724580122057553,0.3708609271523179,0.019320169171356736,0.007676997065527464
OFR,NOTEARS,Logit,40,3,30038,10cf413879c807b9,30,0.9133645989389958,0.22397657999492265,0.32051282051282054,0.019999284102715207,0.008008420243890597
OFR,NOTEARS,RF,40,3,30038,10cf413879c807b9,30,0.9263448914750563,0.4013462384462454,0.39490445859872614,0.016528802907464356,0.003931786413195414
OFR,NOTEARS,LightGBM,40,4,30039,108f696228eb5821,30,0.935485738686121,0.4575184678183353,0.4714285714285714,0.016891490111694312,0.01655178967429125
OFR,NOTEARS,XGBoost,40,4,30039,108f696228eb5821,30,0.9325943939032069,0.4528858605626799,0.4413793103448276,0.016242277201058083,0.011940402585569419
OFR,NOTEARS,FFMLP,40,4,30039,108f696228eb5821,30,0.8722488800110009,0.23363180295659194,0.3472222222222222,0.019335081230615992,0.007854605738780737
OFR,NOTEARS,Logit,40,4,30039,108f696228eb5821,30,0.9134442104348959,0.2239009778895464,0.3184713375796178,0.020002964818343284,0.007749198126776067
OFR,NOTEARS,RF,40,4,30039,108f696228eb5821,30,0.9341757677081297,0.39528243184883416,0.39263803680981596,0.0166424053676265,0.0030198490355046147
OFR,NOTEARS,LightGBM,ALL,0,30035,1795bb73ffee769b,30,0.9326486744685933,0.4591815977536453,0.46258503401360546,0.016756499906826126,0.016238510174564243
OFR,NOTEARS,XGBoost,ALL,0,30035,1795bb73ffee769b,30,0.9288598910046247,0.4390328174092969,0.42105263157894735,0.016632379933655222,0.014348119867211564
OFR,NOTEARS,FFMLP,ALL,0,30035,1795bb73ffee769b,30,0.8771884114611604,0.2619936837951997,0.359375,0.019213800116005406,0.008233613843608075
OFR,NOTEARS,Logit,ALL,0,30035,1795bb73ffee769b,30,0.9128398868069276,0.22337635508842263,0.31645569620253167,0.020008508825980396,0.007805462508218013
OFR,NOTEARS,RF,ALL,0,30035,1795bb73ffee769b,30,0.9254510714983608,0.4022445722704735,0.3803680981595092,0.016468096169974838,0.005495666759854625
OFR,NOTEARS,LightGBM,ALL,1,30036,4391d172bb6ec595,30,0.9347873287448162,0.46126032046686277,0.45517241379310347,0.01698779194939473,0.016851317481704115
OFR,NOTEARS,XGBoost,ALL,1,30036,4391d172bb6ec595,30,0.9317114300395886,0.44084684810598973,0.4311377245508982,0.016374851140213764,0.011484163286250841
OFR,NOTEARS,FFMLP,ALL,1,30036,4391d172bb6ec595,30,0.8792836412850743,0.23168910581370877,0.31092436974789917,0.01943634466493325,0.007663958897329356
OFR,NOTEARS,Logit,ALL,1,30036,4391d172bb6ec595,30,0.913288606147455,0.22278341255202383,0.3184713375796178,0.019971866125931576,0.007820189404229782
OFR,NOTEARS,RF,ALL,1,30036,4391d172bb6ec595,30,0.9261422440309471,0.39054662605025703,0.40789473684210525,0.0166236913614761,0.004119653340788371
OFR,NOTEARS,LightGBM,ALL,2,30037,156747b5d1a715d3,30,0.9292217614405338,0.46095451738430926,0.45517241379310347,0.016465861146470195,0.016413384862359975
OFR,NOTEARS,XGBoost,ALL,2,30037,156747b5d1a715d3,30,0.9322976601457614,0.45124293702071594,0.4748201438848921,0.016239202095431834,0.012256676901359948
OFR,NOTEARS,FFMLP,ALL,2,30037,156747b5d1a715d3,30,0.8788674902837789,0.25981093045357234,0.3516483516483517,0.01912617721223608,0.006852695982416883
OFR,NOTEARS,Logit,ALL,2,30037,156747b5d1a715d3,30,0.913169188903605,0.22329604399914238,0.3225806451612903,0.019988303999973752,0.007878369988181574
OFR,NOTEARS,RF,ALL,2,30037,156747b5d1a715d3,30,0.9237321869277924,0.4014084575091338,0.3974358974358974,0.01654188649706458,0.004721274811294382
OFR,NOTEARS,LightGBM,ALL,3,30038,b3700407dd0caf40,30,0.9331082499221979,0.46361728733086294,0.44871794871794873,0.01680149145227068,0.016645628019395224
OFR,NOTEARS,XGBoost,ALL,3,30038,b3700407dd0caf40,30,0.9311469121595704,0.4449662989483367,0.42857142857142855,0.016408507500411437,0.013076087834650947
OFR,NOTEARS,FFMLP,ALL,3,30038,b3700407dd0caf40,30,0.8811074682820562,0.22724580122057553,0.3708609271523179,0.019320169171356736,0.007676997065527464
OFR,NOTEARS,Logit,ALL,3,30038,b3700407dd0caf40,30,0.9133645989389958,0.22397657999492265,0.32051282051282054,0.019999284102715207,0.008008420243890597
OFR,NOTEARS,RF,ALL,3,30038,b3700407dd0caf40,30,0.9263448914750563,0.4013462384462454,0.39490445859872614,0.016528802907464356,0.003931786413195414
OFR,NOTEARS,LightGBM,ALL,4,30039,c09615760a4a1748,30,0.935485738686121,0.4575184678183353,0.4714285714285714,0.016891490111694312,0.01655178967429125
OFR,NOTEARS,XGBoost,ALL,4,30039,c09615760a4a1748,30,0.9325943939032069,0.4528858605626799,0.4413793103448276,0.016242277201058083,0.011940402585569419
OFR,NOTEARS,FFMLP,ALL,4,30039,c09615760a4a1748,30,0.8722488800110009,0.23363180295659194,0.3472222222222222,0.019335081230615992,0.007854605738780737
OFR,NOTEARS,Logit,ALL,4,30039,c09615760a4a1748,30,0.9134442104348959,0.2239009778895464,0.3184713375796178,0.020002964818343284,0.007749198126776067
OFR,NOTEARS,RF,ALL,4,30039,c09615760a4a1748,30,0.9341757677081297,0.39528243184883416,0.39263803680981596,0.0166424053676265,0.0030198490355046147
OFR,PC,LightGBM,5,0,5035,95319d4936d7b000,5,0.7322665392882732,0.07798906830798015,0.15853658536585366,0.022165793471523195,0.020707972585284104
OFR,PC,XGBoost,5,0,5035,95319d4936d7b000,5,0.7551946501074756,0.08585513781495409,0.15816326530612246,0.021597471448401694,0.011361219442970496
OFR,PC,FFMLP,5,0,5035,95319d4936d7b000,5,0.6780293983542133,0.057912485995681384,0.12121212121212122,0.021383211269729373,0.000731504553768067
OFR,PC,Logit,5,0,5035,95319d4936d7b000,5,0.6265895158897309,0.03198862072154148,0.04763377667800804,0.021619533087991222,0.0010554245452475105
OFR,PC,RF,5,0,5035,95319d4936d7b000,5,0.7499439100824341,0.08134398127963574,0.14358974358974358,0.02138616158792284,0.007720995247414033
OFR,PC,LightGBM,5,1,5036,41f4243837caf618,5,0.8182759044951545,0.2017586164339807,0.25,0.020469970784063717,0.01922739749773226
OFR,PC,XGBoost,5,1,5036,41f4243837caf618,5,0.8237473854861005,0.19248841868065375,0.25,0.019953362896907415,0.009596204425257479
OFR,PC,FFMLP,5,1,5036,41f4243837caf618,5,0.7401082716344242,0.07259678161391424,0.12690355329949238,0.021140895409813013,0.0020300553377893735
OFR,PC,Logit,5,1,5036,41f4243837caf618,5,0.6694639251362442,0.03885586848820084,0.0684931506849315,0.021482994676053902,0.0012791869316942967
OFR,PC,RF,5,1,5036,41f4243837caf618,5,0.789132668939213,0.23188551357042939,0.24347826086956523,0.019289516354487,0.007438635728263909
OFR,PC,LightGBM,5,2,5037,5556775ffcaf90ff,5,0.823048975544796,0.12370004291178524,0.1700404858299595,0.021451877405119803,0.018387107156311328
OFR,PC,XGBoost,5,2,5037,5556775ffcaf90ff,5,0.8311765855353149,0.11059504433833675,0.1702127659574468,0.021086797514804495,0.011967043850340756
OFR,PC,FFMLP,5,2,5037,5556775ffcaf90ff,5,0.7465893711415564,0.06972952413225801,0.11267605633802817,0.02122478166652671,0.0027930181945273404
OFR,PC,Logit,5,2,5037,5556775ffcaf90ff,5,0.7008525667470019,0.04251669974798354,0.08199643493761141,0.021427098157051624,0.002081842879713587
OFR,PC,RF,5,2,5037,5556775ffcaf90ff,5,0.7945046355602841,0.12112262210650102,0.1317365269461078,0.020839145652781662,0.00851216102879508
OFR,PC,LightGBM,5,3,5038,ad706fe5f30ebaa7,5,0.9074371611988045,0.35925483426016325,0.3875968992248062,0.017723573010678163,0.01598087210314247
OFR,PC,XGBoost,5,3,5038,ad706fe5f30ebaa7,5,0.9292760420059203,0.35727628359880553,0.3442622950819672,0.01720690031588581,0.00854722857589841
OFR,PC,FFMLP,5,3,5038,ad706fe5f30ebaa7,5,0.6901212989701168,0.09517893504221422,0.04962779156327544,0.021519609535755463,0.0004954887239008859
OFR,PC,Logit,5,3,5038,ad706fe5f30ebaa7,5,0.5637724269202655,0.025285505317535446,0.043299534118936694,0.021596868981649784,0.0008793880886558371
OFR,PC,RF,5,3,5038,ad706fe5f30ebaa7,5,0.8977589363904147,0.3479286261509892,0.3875968992248062,0.017322508247134473,0.007176404808498744
OFR,PC,LightGBM,5,4,5039,84308454e137b1d0,5,0.887042143430966,0.30890876120722915,0.3835616438356164,0.019221459895993866,0.017818863523301295
OFR,PC,XGBoost,5,4,5039,84308454e137b1d0,5,0.8978729255777262,0.3321585072935172,0.3247863247863248,0.01761785621370091,0.008941410082583243
OFR,PC,FFMLP,5,4,5039,84308454e137b1d0,5,0.772028862785968,0.06192537471295701,0.13810741687979539,0.021269950914798174,0.0012564203793821917
OFR,PC,Logit,5,4,5039,84308454e137b1d0,5,0.688643058239428,0.0351738341201875,0.04658197217180883,0.021619317103761422,0.0009420492720584512
OFR,PC,RF,5,4,5039,84308454e137b1d0,5,0.862834820620825,0.3101684234712575,0.38095238095238093,0.017950211909421303,0.0075364830863852384
OFR,PC,LightGBM,10,0,10035,9499ceb4ef6a5ae8,10,0.8935630486860484,0.2595719792740807,0.357487922705314,0.020379068958755707,0.018827798981958705
OFR,PC,XGBoost,10,0,10035,9499ceb4ef6a5ae8,10,0.9001744215501082,0.29711645514917595,0.3742690058479532,0.018139135133287035,0.008289713538799882
OFR,PC,FFMLP,10,0,10035,9499ceb4ef6a5ae8,10,0.7961583834523888,0.09289731266460842,0.19302949061662197,0.021090435659548202,0.003973870963870496
OFR,PC,Logit,10,0,10035,9499ceb4ef6a5ae8,10,0.6883861302299326,0.03884383813696766,0.04926108374384237,0.02182470850377339,0.0028834649309584987
OFR,PC,RF,10,0,10035,9499ceb4ef6a5ae8,10,0.8693810568064211,0.2882898448390824,0.32286995515695066,0.018201234554095613,0.005469387755102042
OFR,PC,LightGBM,10,1,10036,422a0f6bd3b78276,10,0.8694190532021915,0.24801513398769617,0.30344827586206896,0.020117036025966335,0.019429615766988532
OFR,PC,XGBoost,10,1,10036,422a0f6bd3b78276,10,0.8986111412669807,0.23969220144576758,0.2994011976047904,0.01925244495761269,0.010275639717274198
OFR,PC,FFMLP,10,1,10036,422a0f6bd3b78276,10,0.7388019193607921,0.06159220329482522,0.11987381703470032,0.021347710707787636,0.003013656629566579
OFR,PC,Logit,10,1,10036,422a0f6bd3b78276,10,0.7089910328505982,0.04921117325769867,0.0898876404494382,0.02204742343088033,0.002389490180349379
OFR,PC,RF,10,1,10036,422a0f6bd3b78276,10,0.8769550050299991,0.18635160921482635,0.22522522522522523,0.019575979871400615,0.004117416829745596
OFR,PC,LightGBM,10,2,10037,11d397789db9bffb,10,0.8942433651055576,0.4029954558373994,0.3978494623655914,0.01821286059000612,0.0175704693482157
OFR,PC,XGBoost,10,2,10037,11d397789db9bffb,10,0.9007751264737173,0.37425514938363724,0.37948717948717947,0.01745711179831245,0.012184829602936044
OFR,PC,FFMLP,10,2,10037,11d397789db9bffb,10,0.9058521686895225,0.292175589164073,0.3541666666666667,0.01913578254997053,0.00957805516501862
OFR,PC,Logit,10,2,10037,11d397789db9bffb,10,0.9179314038401691,0.23533590423982195,0.29931972789115646,0.019611143764367806,0.014323764739077758
OFR,PC,RF,10,2,10037,11d397789db9bffb,10,0.9138350305056777,0.3909506391214071,0.40875912408759124,0.01676587643276489,0.006752585965893205
OFR,PC,LightGBM,10,3,10038,a9ef8806ab99c329,10,0.832884613992806,0.15963998272136032,0.22807017543859648,0.021193873638033767,0.01985664919222599
OFR,PC,XGBoost,10,3,10038,a9ef8806ab99c329,10,0.8331270671848652,0.17874011764345993,0.24169184290030213,0.020060297892289716,0.013068033999359605
OFR,PC,FFMLP,10,3,10038,a9ef8806ab99c329,10,0.7622475049033444,0.06801900693700293,0.13991769547325103,0.021085024008060043,0.0004951370328556457
OFR,PC,Logit,10,3,10038,a9ef8806ab99c329,10,0.7076123064897843,0.04570039090167327,0.06722689075630252,0.02153081929080866,0.002841283813969824
OFR,PC,RF,10,3,10038,a9ef8806ab99c329,10,0.815936412127002,0.13786386424553376,0.1968503937007874,0.02046779200447302,0.0058020687727145664
OFR,PC,LightGBM,10,4,10039,f41afba1ea53cb18,10,0.8451447843614072,0.15090497076017714,0.2465753424657534,0.02134435981397648,0.019524553923594878
OFR,PC,XGBoost,10,4,10039,f41afba1ea53cb18,10,0.8797721663735516,0.16559776282132746,0.24,0.020263515398876084,0.010748361674498542
OFR,PC,FFMLP,10,4,10039,f41afba1ea53cb18,10,0.7103842340288484,0.04620414710539969,0.08823529411764706,0.021388275898615857,0.0017315246147093979
OFR,PC,Logit,10,4,10039,f41afba1ea53cb18,10,0.7423265374065469,0.057786315190247205,0.11730205278592376,0.021464810527186726,0.0006833573117131797
OFR,PC,RF,10,4,10039,f41afba1ea53cb18,10,0.8592324004313495,0.18589692397179836,0.30039525691699603,0.019526963377131674,0.0040531171372658655
OFR,PC,LightGBM,20,0,20035,9e65f336042213f2,20,0.9096554269709274,0.4149267819217776,0.42105263157894735,0.017789148861274157,0.017776042949933624
OFR,PC,XGBoost,20,0,20035,9e65f336042213f2,20,0.9129665414594959,0.4262511788219312,0.4067796610169492,0.016524729729333297,0.011518142233231166
OFR,PC,FFMLP,20,0,20035,9e65f336042213f2,20,0.9029173994542994,0.24486821873643874,0.38636363636363635,0.01898739294529117,0.009534012679367852
OFR,PC,Logit,20,0,20035,9e65f336042213f2,20,0.9216405758082377,0.265239586652207,0.34838709677419355,0.0195782346818298,0.014521212707171941
OFR,PC,RF,20,0,20035,9e65f336042213f2,20,0.9183710764197986,0.4062172552805632,0.4057971014492754,0.0163452077159631,0.005713167458764329
OFR,PC,LightGBM,20,1,20036,ed596f29a81f7963,20,0.9294425024064383,0.3733326446609712,0.39759036144578314,0.01825859440336657,0.018490191320800424
OFR,PC,XGBoost,20,1,20036,ed596f29a81f7963,20,0.932398983867816,0.3762524481398368,0.31654676258992803,0.01739469296121805,0.012485152364442647
OFR,PC,FFMLP,20,1,20036,ed596f29a81f7963,20,0.8092472371192218,0.0911980846696607,0.1761006289308176,0.020984473273515207,0.0032879186485369914
OFR,PC,Logit,20,1,20036,ed596f29a81f7963,20,0.7772325596543413,0.06329188750979763,0.13559322033898305,0.02212651384597449,0.0031256021918588768
OFR,PC,RF,20,1,20036,ed596f29a81f7963,20,0.923419169000731,0.2994629389674863,0.34532374100719426,0.017967149007548228,0.004122448979591836
OFR,PC,LightGBM,20,2,20037,23e1868c80f844af,20,0.9109545418358411,0.4388884773936869,0.46706586826347307,0.01680391811415523,0.017717097576945645
OFR,PC,XGBoost,20,2,20037,23e1868c80f844af,20,0.9257333304383699,0.45936453553171536,0.46153846153846156,0.015805058312714674,0.010202253682394106
OFR,PC,FFMLP,20,2,20037,23e1868c80f844af,20,0.8835320002026474,0.2748947303320292,0.389937106918239,0.01915993317989779,0.008935279034542611
OFR,PC,Logit,20,2,20037,23e1868c80f844af,20,0.9100607218591455,0.2592897527760664,0.34285714285714286,0.019619864576182925,0.009316439664014709
OFR,PC,RF,20,2,20037,23e1868c80f844af,20,0.9289051248091134,0.45397120272430286,0.42105263157894735,0.015823269779144535,0.00410791165781381
OFR,PC,LightGBM,20,3,20038,1dfc3ef566bd4ab7,20,0.9183982167024918,0.48195893970704795,0.5125,0.016251616415042008,0.01627721783845825
OFR,PC,XGBoost,20,3,20038,1dfc3ef566bd4ab7,20,0.9279769271410065,0.4728664198244865,0.4970414201183432,0.015688037264800784,0.010994049932467649
OFR,PC,FFMLP,20,3,20038,1dfc3ef566bd4ab7,20,0.9044987732592222,0.24178987181367512,0.375,0.019048592435936925,0.00949731362092618
OFR,PC,Logit,20,3,20038,1dfc3ef566bd4ab7,20,0.9103683117296684,0.20676096856184278,0.3076923076923077,0.020624330113763446,0.010064036910177643
OFR,PC,RF,20,3,20038,1dfc3ef566bd4ab7,20,0.9286662903214133,0.4284931607497912,0.423728813559322,0.016179344702264467,0.004949958065417947
OFR,PC,LightGBM,20,4,20039,fb50e09fd85ab4cb,20,0.9182932742760782,0.4511713121899755,0.4966442953020134,0.01676863701373758,0.01649399349165437
OFR,PC,XGBoost,20,4,20039,fb50e09fd85ab4cb,20,0.9374072707007983,0.4378567134605259,0.4484848484848485,0.01647309294747274,0.010795162297990444
OFR,PC,FFMLP,20,4,20039,fb50e09fd85ab4cb,20,0.8786286557960787,0.22966542577825902,0.35365853658536583,0.019860511045160695,0.009849470848962769
OFR,PC,Logit,20,4,20039,fb50e09fd85ab4cb,20,0.9170375838634736,0.259665254356623,0.2962962962962963,0.019324081306434118,0.009544424290940013
OFR,PC,RF,20,4,20039,fb50e09fd85ab4cb,20,0.9261313879178699,0.4196536506100358,0.41237113402061853,0.016208177802627902,0.0026452334358400887
OFR,PC,LightGBM,30,0,30035,c78091017f3bb43a,30,0.9280999630892155,0.4674447798102948,0.47560975609756095,0.01711344895518498,0.017020629487449656
OFR,PC,XGBoost,30,0,30035,c78091017f3bb43a,30,0.9357462853999754,0.45807806295479603,0.4507042253521127,0.016125080677792055,0.011968361531187193
OFR,PC,FFMLP,30,0,30035,c78091017f3bb43a,30,0.8769242460429467,0.2663707133920489,0.3973509933774834,0.019552205052362635,0.011287584558997888
OFR,PC,Logit,30,0,30035,c78091017f3bb43a,30,0.9135672463831049,0.2601953677648538,0.2900763358778626,0.01967418394124175,0.01046047743530303
OFR,PC,RF,30,0,30035,c78091017f3bb43a,30,0.9365261161893595,0.43371048521739697,0.40718562874251496,0.015958856024601623,0.003867486720715682
OFR,PC,LightGBM,30,1,30036,439fd3f16c19daa7,30,0.925780373595038,0.4607390170513969,0.49635036496350365,0.016727098655358798,0.01674258306286871
OFR,PC,XGBoost,30,1,30036,439fd3f16c19daa7,30,0.9357535228086935,0.45287728951787276,0.47244094488188976,0.016226451307990143,0.013696045537125385
OFR,PC,FFMLP,30,1,30036,439fd3f16c19daa7,30,0.8868214024650614,0.2696001111898236,0.39705882352941174,0.019489852619402098,0.010477235255388533
OFR,PC,Logit,30,1,30036,439fd3f16c19daa7,30,0.914562390081855,0.2396441632790674,0.33766233766233766,0.01981039477262491,0.008099076201924259
OFR,PC,RF,30,1,30036,439fd3f16c19daa7,30,0.9380278784983823,0.40992046013177974,0.4195804195804196,0.016329126083310035,0.005043891529214424
OFR,PC,LightGBM,30,2,30037,5aebeae3961dfb7a,30,0.9220422519920968,0.4759543742240223,0.48854961832061067,0.016824160992278254,0.016574896983307632
OFR,PC,XGBoost,30,2,30037,5aebeae3961dfb7a,30,0.9304702144444202,0.4604404719472883,0.45454545454545453,0.01581365048181177,0.010849246680257472
OFR,PC,FFMLP,30,2,30037,5aebeae3961dfb7a,30,0.8690861324011551,0.26369811003144383,0.38095238095238093,0.019492476654160755,0.010926938301219451
OFR,PC,Logit,30,2,30037,5aebeae3961dfb7a,30,0.9138277930969594,0.26735290534081146,0.2923076923076923,0.019419387558220882,0.012746833012443974
OFR,PC,RF,30,2,30037,5aebeae3961dfb7a,30,0.9267538050676336,0.43239184603986996,0.4093567251461988,0.01600892815208275,0.0035694716242661447
OFR,PC,LightGBM,30,3,30038,873ada1f673b9c7b,30,0.9280203515933155,0.4703592901209556,0.4768211920529801,0.016913354314772793,0.016628370666483365
OFR,PC,XGBoost,30,3,30038,873ada1f673b9c7b,30,0.9409716944945031,0.45970825389229864,0.4585987261146497,0.01608298052315892,0.011920947953329625
OFR,PC,FFMLP,30,3,30038,873ada1f673b9c7b,30,0.887317164962257,0.23880394042915531,0.34545454545454546,0.019406284900483694,0.008893318682844441
OFR,PC,Logit,30,3,30038,873ada1f673b9c7b,30,0.917135288881169,0.25025389420746913,0.33112582781456956,0.019698459248269705,0.009594472284722601
OFR,PC,RF,30,3,30038,873ada1f673b9c7b,30,0.9316969552221523,0.43681137106149037,0.4097560975609756,0.015888215823315628,0.0025054514956667586
OFR,PC,LightGBM,30,4,30039,58b4903c01327226,30,0.924347366668838,0.4605685510013827,0.48854961832061067,0.016646703277362222,0.01643528013491878
OFR,PC,XGBoost,30,4,30039,58b4903c01327226,30,0.9355436379558664,0.4603596726173239,0.46540880503144655,0.01599578253702929,0.0125004079878676
OFR,PC,FFMLP,30,4,30039,58b4903c01327226,30,0.8833583023934112,0.22760478351329472,0.29927007299270075,0.01951494078589627,0.007774224715723417
OFR,PC,Logit,30,4,30039,58b4903c01327226,30,0.9166503824970508,0.24176920952899564,0.3333333333333333,0.019900335330724293,0.008373064693810424
OFR,PC,RF,30,4,30039,58b4903c01327226,30,0.9367251449291096,0.40683739257333074,0.39436619718309857,0.016292473022085547,0.005416829745596871
OFR,PC,LightGBM,40,0,37035,03f6df46954588f2,37,0.9222883238885151,0.4684804150771585,0.4779874213836478,0.01691319747633613,0.016438938946485807
OFR,PC,XGBoost,40,0,37035,03f6df46954588f2,37,0.9320009263883159,0.4597014972009062,0.4585987261146497,0.016108443468837313,0.012277486804130188
OFR,PC,FFMLP,40,0,37035,03f6df46954588f2,37,0.884509050379602,0.2526066790205834,0.3695652173913043,0.019167730538561734,0.009143084382415984
OFR,PC,Logit,40,0,37035,03f6df46954588f2,37,0.917536965065028,0.25091417092888446,0.33783783783783783,0.019649387315989773,0.009527302670863573
OFR,PC,RF,40,0,37035,03f6df46954588f2,37,0.9243075609208878,0.4215880896521714,0.4050632911392405,0.016124077159630976,0.0042728543472183396
OFR,PC,LightGBM,40,1,37036,25264c99dc1494b2,37,0.9242930861034515,0.4701620454639168,0.5033112582781457,0.01675792757666095,0.016874748577493253
OFR,PC,XGBoost,40,1,37036,25264c99dc1494b2,37,0.9337559980024752,0.4762459514118728,0.48951048951048953,0.015679092243339837,0.012097882616042317
OFR,PC,FFMLP,40,1,37036,25264c99dc1494b2,37,0.8846320863278111,0.24776423233754294,0.3829787234042553,0.019182327561163205,0.007928997371684232
OFR,PC,Logit,40,1,37036,25264c99dc1494b2,37,0.9182824181630009,0.2507159211524493,0.3333333333333333,0.019656483624138823,0.009495795314435616
OFR,PC,RF,40,1,37036,25264c99dc1494b2,37,0.932299469497941,0.4369455144574943,0.379746835443038,0.015987989935700306,0.0038993570030752015
OFR,PC,LightGBM,40,2,37037,7b17ea297d0deaab,37,0.9227298058203242,0.4695545885554613,0.5070422535211268,0.01672117003165921,0.017121836814937827
OFR,PC,XGBoost,40,2,37037,7b17ea297d0deaab,37,0.936839134116421,0.46787668263374876,0.48951048951048953,0.01583896780164669,0.011451476744225371
OFR,PC,FFMLP,40,2,37037,7b17ea297d0deaab,37,0.8778687278806696,0.24500143429847893,0.3717948717948718,0.019699811586725305,0.009669453661752408
OFR,PC,Logit,40,2,37037,7b17ea297d0deaab,37,0.9177215189873418,0.2506053939516881,0.2753623188405797,0.019652263210068386,0.008925191347569451
OFR,PC,RF,40,2,37037,7b17ea297d0deaab,37,0.9297356174595248,0.4362727109135243,0.3902439024390244,0.016014198490355045,0.004176125244618396
OFR,PC,LightGBM,40,3,37038,19020384425e85c9,37,0.9241736688596015,0.4795820077558401,0.52,0.01670531842438012,0.016616478088543822
OFR,PC,XGBoost,40,3,37038,19020384425e85c9,37,0.9357788537392073,0.46194124081878685,0.4675324675324675,0.01590605928842192,0.011224443115333554
OFR,PC,FFMLP,40,3,37038,19020384425e85c9,37,0.8805067633584471,0.2691090682648187,0.3275862068965517,0.019266405951126886,0.008985257895258775
OFR,PC,Logit,40,3,37038,19020384425e85c9,37,0.9171533824029644,0.24957790101624683,0.3401360544217687,0.019654946874538115,0.009546073293383
OFR,PC,RF,40,3,37038,19020384425e85c9,37,0.9296885743028567,0.42443975177397475,0.39080459770114945,0.016131469946882863,0.0035856863293262506
OFR,PC,LightGBM,40,4,37039,267091a61d761f1f,37,0.9213981226161785,0.46521480481735317,0.5179856115107914,0.017065994451782238,0.01667568487528356
OFR,PC,XGBoost,40,4,37039,267091a61d761f1f,37,0.9307524733844295,0.4564895115683575,0.46357615894039733,0.01613716332515228,0.01196261414638904
OFR,PC,FFMLP,40,4,37039,267091a61d761f1f,37,0.8884063949743434,0.25287081854536925,0.36363636363636365,0.019229310947227168,0.008175803757193768
OFR,PC,Logit,40,4,37039,267091a61d761f1f,37,0.9174537348647689,0.2500104403495901,0.3333333333333333,0.019639841335383046,0.009082019192371595
OFR,PC,RF,40,4,37039,267091a61d761f1f,37,0.9240687264331879,0.4305849067916899,0.384180790960452,0.016079376013419067,0.004481968129717641
OFR,PC,LightGBM,ALL,0,37035,29dc35195cd1be0c,37,0.9222883238885151,0.4684804150771585,0.4779874213836478,0.01691319747633614,0.01643893894648581
OFR,PC,XGBoost,ALL,0,37035,29dc35195cd1be0c,37,0.9320009263883159,0.4597014972009062,0.4585987261146497,0.016108443468837313,0.012277486804130188
OFR,PC,FFMLP,ALL,0,37035,29dc35195cd1be0c,37,0.884509050379602,0.2526066790205834,0.3695652173913043,0.019167730538561734,0.009143084382415984
OFR,PC,Logit,ALL,0,37035,29dc35195cd1be0c,37,0.917536965065028,0.25091417092888446,0.33783783783783783,0.019649387315989773,0.009527302670863573
OFR,PC,RF,ALL,0,37035,29dc35195cd1be0c,37,0.9243075609208878,0.4215880896521714,0.4050632911392405,0.016124077159630976,0.0042728543472183396
OFR,PC,LightGBM,ALL,1,37036,24b0e817830fcbb1,37,0.9242930861034515,0.4701620454639168,0.5033112582781457,0.01675792757666095,0.016874748577493253
OFR,PC,XGBoost,ALL,1,37036,24b0e817830fcbb1,37,0.9337559980024752,0.4762459514118728,0.48951048951048953,0.015679092243339837,0.012097882616042317
OFR,PC,FFMLP,ALL,1,37036,24b0e817830fcbb1,37,0.8846320863278111,0.24776423233754294,0.3829787234042553,0.019182327561163205,0.007928997371684232
OFR,PC,Logit,ALL,1,37036,24b0e817830fcbb1,37,0.9182824181630009,0.2507159211524493,0.3333333333333333,0.019656483624138823,0.009495795314435616
OFR,PC,RF,ALL,1,37036,24b0e817830fcbb1,37,0.932299469497941,0.4369455144574943,0.379746835443038,0.015987989935700306,0.0038993570030752015
OFR,PC,LightGBM,ALL,2,37037,cf9b2fd680d6a755,37,0.9227298058203242,0.4695545885554613,0.5070422535211268,0.016721170031659217,0.017121836814937823
OFR,PC,XGBoost,ALL,2,37037,cf9b2fd680d6a755,37,0.936839134116421,0.46787668263374876,0.48951048951048953,0.01583896780164669,0.011451476744225371
OFR,PC,FFMLP,ALL,2,37037,cf9b2fd680d6a755,37,0.8778687278806696,0.24500143429847893,0.3717948717948718,0.019699811586725305,0.009669453661752408
OFR,PC,Logit,ALL,2,37037,cf9b2fd680d6a755,37,0.9177215189873418,0.2506053939516881,0.2753623188405797,0.019652263210068386,0.008925191347569451
OFR,PC,RF,ALL,2,37037,cf9b2fd680d6a755,37,0.9297356174595248,0.4362727109135243,0.3902439024390244,0.016014198490355045,0.004176125244618396
OFR,PC,LightGBM,ALL,3,37038,f980072511fbfa39,37,0.9241736688596015,0.4795820077558401,0.52,0.01670531842438012,0.016616478088543826
OFR,PC,XGBoost,ALL,3,37038,f980072511fbfa39,37,0.9357788537392073,0.46194124081878685,0.4675324675324675,0.01590605928842192,0.011224443115333554
OFR,PC,FFMLP,ALL,3,37038,f980072511fbfa39,37,0.8805067633584471,0.2691090682648187,0.3275862068965517,0.019266405951126886,0.008985257895258775
OFR,PC,Logit,ALL,3,37038,f980072511fbfa39,37,0.9171533824029644,0.24957790101624683,0.3401360544217687,0.019654946874538115,0.009546073293383
OFR,PC,RF,ALL,3,37038,f980072511fbfa39,37,0.9296885743028567,0.42443975177397475,0.39080459770114945,0.016131469946882863,0.0035856863293262506
OFR,PC,LightGBM,ALL,4,37039,391f7424caf2b71b,37,0.9213981226161785,0.46521480481735317,0.5179856115107914,0.017065994451782234,0.01667568487528356
OFR,PC,XGBoost,ALL,4,37039,391f7424caf2b71b,37,0.9307524733844295,0.4564895115683575,0.46357615894039733,0.01613716332515228,0.01196261414638904
OFR,PC,FFMLP,ALL,4,37039,391f7424caf2b71b,37,0.8884063949743434,0.25287081854536925,0.36363636363636365,0.019229310947227168,0.008175803757193768
OFR,PC,Logit,ALL,4,37039,391f7424caf2b71b,37,0.9174537348647689,0.2500104403495901,0.3333333333333333,0.019639841335383046,0.009082019192371595
OFR,PC,RF,ALL,4,37039,391f7424caf2b71b,37,0.9240687264331879,0.4305849067916899,0.384180790960452,0.016079376013419067,0.004481968129717641
OFR,GES,LightGBM,5,0,5035,ad6a67c24df40604,5,0.8726686497166555,0.24412487871861452,0.3188405797101449,0.020248917175384514,0.018728968441125687
OFR,GES,XGBoost,5,0,5035,ad6a67c24df40604,5,0.8738230164072055,0.26323330664135597,0.3402061855670103,0.018655518069737618,0.008265392544065144
OFR,GES,FFMLP,5,0,5035,ad6a67c24df40604,5,0.78225532130476,0.0718274279629017,0.16666666666666666,0.021098064400909597,0.004115156384655176
OFR,GES,Logit,5,0,5035,ad6a67c24df40604,5,0.7561029449016075,0.04893507757753091,0.04988203572632288,0.021825307506145895,0.0013661939492228602
OFR,GES,RF,5,0,5035,ad6a67c24df40604,5,0.8389206128637703,0.2663454383971541,0.27906976744186046,0.018584384679899358,0.005162985742242103
OFR,GES,LightGBM,5,1,5036,cf471ac010c14ddf,5,0.7909402117665791,0.09533356562718998,0.1761006289308176,0.022826613825938955,0.02220644533931124
OFR,GES,XGBoost,5,1,5036,cf471ac010c14ddf,5,0.8113858913954448,0.12085708645889791,0.175,0.021009325331841373,0.010038806935774903
OFR,GES,FFMLP,5,1,5036,cf471ac010c14ddf,5,0.7878208886090423,0.0648230501106543,0.12398921832884097,0.021062848701655524,0.003464863532755772
OFR,GES,Logit,5,1,5036,cf471ac010c14ddf,5,0.7851321912702377,0.06163535836584738,0.11343283582089553,0.02114085061710445,0.0004567014500680235
OFR,GES,RF,5,1,5036,cf471ac010c14ddf,5,0.7918521252650701,0.13061431660814926,0.24705882352941178,0.020513885378809056,0.009927872518870564
OFR,GES,LightGBM,5,2,5037,c17b95ed03c70018,5,0.7359141932822372,0.05772605605538074,0.04918032786885246,0.023774701830821695,0.02343112541635615
OFR,GES,XGBoost,5,2,5037,c17b95ed03c70018,5,0.741255400916256,0.06616499926715531,0.1130952380952381,0.02235120749951209,0.013994848660797688
OFR,GES,FFMLP,5,2,5037,c17b95ed03c70018,5,0.758107707116544,0.06771153714827256,0.14634146341463414,0.021078170949184592,0.001442557819935408
OFR,GES,Logit,5,2,5037,c17b95ed03c70018,5,0.7745112939763047,0.058028810163454854,0.10344827586206896,0.021184939509671326,0.0029865189827190837
OFR,GES,RF,5,2,5037,c17b95ed03c70018,5,0.7256660225372908,0.05545909925558661,0.11398963730569948,0.022710728543472183,0.014580374615599662
OFR,GES,LightGBM,5,3,5038,e3b0596c2c9dca91,5,0.8417178713333477,0.25809734425278225,0.302158273381295,0.019686020467039295,0.01749942841956904
OFR,GES,XGBoost,5,3,5038,e3b0596c2c9dca91,5,0.8533700993696216,0.2573321892687179,0.3418803418803419,0.018774200414330453,0.009915655399684404
OFR,GES,FFMLP,5,3,5038,e3b0596c2c9dca91,5,0.7622366487902671,0.07664302546460072,0.1791044776119403,0.02114215313394573,0.001595427016843487
OFR,GES,Logit,5,3,5038,e3b0596c2c9dca91,5,0.6839532173900458,0.04476397881627617,0.08823529411764706,0.02175812945405809,0.0018870930879780314
OFR,GES,RF,5,3,5038,e3b0596c2c9dca91,5,0.8415767418633433,0.29236836556417095,0.36619718309859156,0.018066736371260834,0.00547777467151244
OFR,GES,LightGBM,5,4,5039,27c684b4331006b9,5,0.8261067807282281,0.16358933299082326,0.1875,0.02075633931748478,0.019544098559394634
OFR,GES,XGBoost,5,4,5039,27c684b4331006b9,5,0.8524762793929261,0.2002209250476502,0.23703703703703705,0.019640328795328326,0.007937446296494167
OFR,GES,FFMLP,5,4,5039,27c684b4331006b9,5,0.6124657127761975,0.02969350751708136,0.0590486604702023,0.02156323319405746,0.0012023880497675095
OFR,GES,Logit,5,4,5039,27c684b4331006b9,5,0.5772014387968532,0.025652954471648337,0.048160535117056855,0.021795569223433984,0.0013389621949586776
OFR,GES,RF,5,4,5039,27c684b4331006b9,5,0.8226364432478596,0.19389445150410473,0.19469026548672566,0.01960593681856304,0.004828068213586806
OFR,GES,LightGBM,10,0,10035,90a6aef793d2d777,10,0.9126119084323049,0.27814262550391655,0.2981366459627329,0.019910559341766092,0.019119493280992047
OFR,GES,XGBoost,10,0,10035,90a6aef793d2d777,10,0.9002359395242128,0.2529233056665376,0.26229508196721313,0.018948149112065018,0.009973037387808092
OFR,GES,FFMLP,10,0,10035,90a6aef793d2d777,10,0.6715627736645172,0.03464388426279267,0.061165608770917486,0.021534470306383613,0.002520844515289113
OFR,GES,Logit,10,0,10035,90a6aef793d2d777,10,0.6323396371163268,0.029505003013196585,0.03636363636363636,0.02219640820194382,0.0015568856237584922
OFR,GES,RF,10,0,10035,90a6aef793d2d777,10,0.9064148772173611,0.28655763545008034,0.30857142857142855,0.01830391836734694,0.004113502935420746
OFR,GES,LightGBM,10,1,10036,2a58e82159468493,10,0.8881639417822843,0.42379718586068216,0.42857142857142855,0.017438651015106884,0.01688558759277914
OFR,GES,XGBoost,10,1,10036,2a58e82159468493,10,0.9094238298919456,0.42284298889650435,0.4492753623188406,0.01649582087771486,0.011805522953375426
OFR,GES,FFMLP,10,1,10036,2a58e82159468493,10,0.9047231329294859,0.24833788128454068,0.3013698630136986,0.01942587617414343,0.009906600268236379
OFR,GES,Logit,10,1,10036,2a58e82159468493,10,0.9129267357115458,0.22405515179587368,0.30057803468208094,0.019853803557668828,0.013175388875806108
OFR,GES,RF,10,1,10036,2a58e82159468493,10,0.923697809236381,0.4430138119890974,0.4409448818897638,0.01590162035225049,0.006166060944925913
OFR,GES,LightGBM,10,2,10037,01847fc89eb1d7ba,10,0.88236677739902,0.23785727611054103,0.3333333333333333,0.020999560452298466,0.020598161107863854
OFR,GES,XGBoost,10,2,10037,01847fc89eb1d7ba,10,0.8912506966005891,0.2457117705415598,0.32967032967032966,0.019557402634933767,0.011180308281642149
OFR,GES,FFMLP,10,2,10037,01847fc89eb1d7ba,10,0.7541995064087255,0.08231714439635794,0.16560509554140126,0.021099372472476906,0.005815286318458323
OFR,GES,Logit,10,2,10037,01847fc89eb1d7ba,10,0.7241497854108315,0.07526736191614715,0.11764705882352941,0.02116897212628142,0.0007377389054158191
OFR,GES,RF,10,2,10037,01847fc89eb1d7ba,10,0.8767903539816604,0.256458890823093,0.31645569620253167,0.018655327928431647,0.004291305563321217
OFR,GES,LightGBM,10,3,10038,5eb3a5c8a4465eaa,10,0.8971817530451397,0.3031587084907924,0.3815789473684211,0.019654191582392237,0.0190949245232827
OFR,GES,XGBoost,10,3,10038,5eb3a5c8a4465eaa,10,0.9015857162501537,0.33782487281900897,0.34782608695652173,0.017782839000882088,0.00929765209768083
OFR,GES,FFMLP,10,3,10038,5eb3a5c8a4465eaa,10,0.6939643629994717,0.03889293531932222,0.0793854033290653,0.021397515339922336,0.0021420750930501247
OFR,GES,Logit,10,3,10038,5eb3a5c8a4465eaa,10,0.7418778180660197,0.0637069729334007,0.13075060532687652,0.022084677822836376,0.002623607357696882
OFR,GES,RF,10,3,10038,5eb3a5c8a4465eaa,10,0.8965611452475556,0.33066220053826645,0.35428571428571426,0.017673253564439478,0.0032088342186189544
OFR,GES,LightGBM,10,4,10039,40b4da5e1c8cb15c,10,0.8553857176976356,0.2720671038682245,0.375,0.020632663921426004,0.0203758894078627
OFR,GES,XGBoost,10,4,10039,40b4da5e1c8cb15c,10,0.8883304021828026,0.2839799647811063,0.27906976744186046,0.019186166688715426,0.012051430789387722
OFR,GES,FFMLP,10,4,10039,40b4da5e1c8cb15c,10,0.810843085741581,0.10904974311452226,0.22772277227722773,0.020579952545181097,0.008857357318583134
OFR,GES,Logit,10,4,10039,40b4da5e1c8cb15c,10,0.8153737035991635,0.10163034088156037,0.18181818181818182,0.021334925462897104,0.006437090774648437
OFR,GES,RF,10,4,10039,40b4da5e1c8cb15c,10,0.8987414146239081,0.29849801262636033,0.35175879396984927,0.018199330164942688,0.006150964495387196
OFR,GES,LightGBM,20,0,20035,cbad0443e18a2abb,20,0.9255741074465698,0.414709379375969,0.42424242424242425,0.017783473038442334,0.01829147395103245
OFR,GES,XGBoost,20,0,20035,cbad0443e18a2abb,20,0.9391261552713667,0.43993685160534857,0.4482758620689655,0.016292546448213666,0.01111074568933412
OFR,GES,FFMLP,20,0,20035,cbad0443e18a2abb,20,0.853022703751149,0.262767717739995,0.39097744360902253,0.019821683128634197,0.011247788440578804
OFR,GES,Logit,20,0,20035,cbad0443e18a2abb,20,0.9075601971470135,0.2580271565085117,0.3764705882352941,0.019610769034028166,0.009795320246831298
OFR,GES,RF,20,0,20035,cbad0443e18a2abb,20,0.9294786894500293,0.44390428252270064,0.41148325358851673,0.015712786133631532,0.004739726027397261
OFR,GES,LightGBM,20,1,20036,0045131bb8647959,20,0.8879504382250978,0.4213838467647227,0.43902439024390244,0.017544425526847082,0.016962692205642827
OFR,GES,XGBoost,20,1,20036,0045131bb8647959,20,0.9155430589631688,0.4343792941800225,0.4077669902912621,0.016529495612280183,0.013317242973068296
OFR,GES,FFMLP,20,1,20036,0045131bb8647959,20,0.8276990106462282,0.1591854576381898,0.27074235807860264,0.02023598291251367,0.007486269267487867
OFR,GES,Logit,20,1,20036,0045131bb8647959,20,0.8304962691158058,0.11550403536331674,0.1456953642384106,0.02139679473800987,0.004698770289949149
OFR,GES,RF,20,1,20036,0045131bb8647959,20,0.9026930397840356,0.40244485380315886,0.44155844155844154,0.016254381884260552,0.0060581492871121054
OFR,GES,LightGBM,20,2,20037,757a2bf96d6e352b,20,0.9253750787068198,0.4461918695148286,0.4748201438848921,0.01686781011034221,0.01671069586408364
OFR,GES,XGBoost,20,2,20037,757a2bf96d6e352b,20,0.9389126517141804,0.43836834332621744,0.5,0.016118245129304865,0.010956594025310538
OFR,GES,FFMLP,20,2,20037,757a2bf96d6e352b,20,0.8922965021603665,0.2065409627057983,0.3025830258302583,0.01937256789790338,0.008527721154956818
OFR,GES,Logit,20,2,20037,757a2bf96d6e352b,20,0.9080378661224137,0.21887695982984193,0.25196850393700787,0.01956214407623874,0.009320633080863512
OFR,GES,RF,20,2,20037,757a2bf96d6e352b,20,0.9331426276136092,0.41126867785057175,0.4305555555555556,0.01633770198490355,0.002762091137824993
OFR,GES,LightGBM,20,3,20038,7d1a43e361323b88,20,0.9038618812920223,0.40889406015986474,0.4539877300613497,0.018033379051435677,0.017537441820032543
OFR,GES,XGBoost,20,3,20038,7d1a43e361323b88,20,0.9248105608268016,0.4013082266401285,0.425,0.016448759027221937,0.010500431255673586
OFR,GES,FFMLP,20,3,20038,7d1a43e361323b88,20,0.879468195207388,0.23941699928265406,0.36,0.01906404256127518,0.008330316578582457
OFR,GES,Logit,20,3,20038,7d1a43e361323b88,20,0.8955569547879078,0.19907142287418464,0.32954545454545453,0.019882711994415738,0.007318862503423087
OFR,GES,RF,20,3,20038,7d1a43e361323b88,20,0.9214071693770762,0.39496972535187885,0.3963963963963964,0.016390093374336036,0.004306961140620631
OFR,GES,LightGBM,20,4,20039,609ca5d7f1a02856,20,0.9188722669735327,0.45263181032985333,0.4444444444444444,0.016848973634957288,0.0169700826957061
OFR,GES,XGBoost,20,4,20039,609ca5d7f1a02856,20,0.9349935948932845,0.44704787096433396,0.43157894736842106,0.016300312449020207,0.011162302739096002
OFR,GES,FFMLP,20,4,20039,609ca5d7f1a02856,20,0.8707760673368508,0.24720665629539007,0.33093525179856115,0.019466433799844373,0.010428536315426451
OFR,GES,Logit,20,4,20039,609ca5d7f1a02856,20,0.9231749064564923,0.23558828398342102,0.32098765432098764,0.01939381242019968,0.009979331810497961
OFR,GES,RF,20,4,20039,609ca5d7f1a02856,20,0.9304738331487794,0.44045945584681867,0.390625,0.01595313614760973,0.006370701705339669
OFR,GES,LightGBM,30,0,30035,254712207843f003,30,0.9254329779765653,0.44755265498234653,0.5161290322580645,0.016972055947183068,0.01640809047267049
OFR,GES,XGBoost,30,0,30035,254712207843f003,30,0.9435626868156125,0.45709636017658156,0.4479166666666667,0.016111713015045565,0.011479698550497639
OFR,GES,FFMLP,30,0,30035,254712207843f003,30,0.8726143691512692,0.2389768990250458,0.37410071942446044,0.019347607015303733,0.010721802331355154
OFR,GES,Logit,30,0,30035,254712207843f003,30,0.9266343878237836,0.2525305888041021,0.3595505617977528,0.01996615709983722,0.012841047731149424
OFR,GES,RF,30,0,30035,254712207843f003,30,0.9217111405432399,0.4505144478563241,0.41935483870967744,0.015705126083310036,0.00436734693877551
OFR,GES,LightGBM,30,1,30036,e3350f14a441d057,30,0.9249118845488561,0.42633571512244695,0.4186046511627907,0.018466958607077442,0.018377129946651423
OFR,GES,XGBoost,30,1,30036,e3350f14a441d057,30,0.9263123231358245,0.4224694318274413,0.4079601990049751,0.01690311267418463,0.013800469323990644
OFR,GES,FFMLP,30,1,30036,e3350f14a441d057,30,0.8194266524813456,0.1799333281872912,0.28272251308900526,0.020389234450032625,0.009879920427521614
OFR,GES,Logit,30,1,30036,e3350f14a441d057,30,0.8196075876993002,0.11864631231031743,0.19753086419753085,0.021418869025749576,0.005400541669834958
OFR,GES,RF,30,1,30036,e3350f14a441d057,30,0.9336745771543956,0.4024923942168073,0.42953020134228187,0.016383381604696674,0.005080793961420185
OFR,GES,LightGBM,30,2,30037,008309ea5ab6689b,30,0.9004783927162718,0.4433057106751887,0.40350877192982454,0.017764305750243525,0.01749294871695098
OFR,GES,XGBoost,30,2,30037,008309ea5ab6689b,30,0.9187419936166056,0.42165492011809264,0.42857142857142855,0.016703323985004296,0.0127596187614621
OFR,GES,FFMLP,30,2,30037,008309ea5ab6689b,30,0.8321590637688083,0.20272515606192698,0.32098765432098764,0.019901503342120583,0.011314533154100286
OFR,GES,Logit,30,2,30037,008309ea5ab6689b,30,0.8525776031149807,0.13431700947005787,0.2057142857142857,0.020779744634769254,0.00712577260615226
OFR,GES,RF,30,2,30037,008309ea5ab6689b,30,0.9094473514702794,0.4171651234859197,0.42424242424242425,0.016182369583449818,0.005606933184232597
OFR,GES,LightGBM,30,3,30038,f1e6ce31307c6673,30,0.9132307068777095,0.45343318320689596,0.4186046511627907,0.017221577960970135,0.01697587421991318
OFR,GES,XGBoost,30,3,30038,f1e6ce31307c6673,30,0.9257260930296516,0.42527715504221403,0.42696629213483145,0.016618798214551908,0.011899176558809288
OFR,GES,FFMLP,30,3,30038,f1e6ce31307c6673,30,0.8105680642102902,0.1376169208225939,0.25339366515837103,0.020837073265110726,0.0068292506835856935
OFR,GES,Logit,30,3,30038,f1e6ce31307c6673,30,0.8515643658944352,0.1373551459806925,0.19736842105263158,0.021268344469801657,0.007432228077183412
OFR,GES,RF,30,3,30038,f1e6ce31307c6673,30,0.9269256935246903,0.4191589085154831,0.45161290322580644,0.016155728263908303,0.005969247973161867
OFR,GES,LightGBM,30,4,30039,4e84cf4d98babdf1,30,0.9271482438427746,0.45549333995977287,0.48148148148148145,0.01776786716174735,0.017737953567823025
OFR,GES,XGBoost,30,4,30039,4e84cf4d98babdf1,30,0.930538969827243,0.4471576144030939,0.4266666666666667,0.016271747615779035,0.012504018029536004
OFR,GES,FFMLP,30,4,30039,4e84cf4d98babdf1,30,0.8343230489755448,0.17205254879067639,0.26609442060085836,0.020189880878211126,0.008050726558976677
OFR,GES,Logit,30,4,30039,4e84cf4d98babdf1,30,0.8242214357571416,0.12869800654054492,0.15037593984962405,0.0215148649048091,0.007758542988745729
OFR,GES,RF,30,4,30039,4e84cf4d98babdf1,30,0.9315160200041976,0.4130857721123634,0.4533333333333333,0.016247351411797596,0.00439250768800671
OFR,GES,LightGBM,40,0,40035,d92a5c4b2fa87f6f,40,0.9329092211824479,0.488419335705037,0.5095541401273885,0.016839302065573207,0.01656858846527011
OFR,GES,XGBoost,40,0,40035,d92a5c4b2fa87f6f,40,0.9390754934103394,0.4669038593222156,0.4624277456647399,0.01594141588348691,0.011704206955833962
OFR,GES,FFMLP,40,0,40035,d92a5c4b2fa87f6f,40,0.8794211520507198,0.26437545099403076,0.3546099290780142,0.0188131878908122,0.008471208151980823
OFR,GES,Logit,40,0,40035,d92a5c4b2fa87f6f,40,0.9194946841232964,0.24349689923265747,0.3431952662721893,0.01916391306078226,0.009517845273736041
OFR,GES,RF,40,0,40035,d92a5c4b2fa87f6f,40,0.9353645120900912,0.4420414247069894,0.4444444444444444,0.01581183226167179,0.004428850992451775
OFR,GES,LightGBM,40,1,40036,2f9c7dbecd8ea5dc,40,0.9254583089070789,0.48327870550137425,0.48717948717948717,0.01664577775750937,0.01676900987817866
OFR,GES,XGBoost,40,1,40036,2f9c7dbecd8ea5dc,40,0.9376822922320892,0.46454099539637717,0.5211267605633803,0.015878545348461066,0.012545495058925655
OFR,GES,FFMLP,40,1,40036,2f9c7dbecd8ea5dc,40,0.8807057920981972,0.2444100795799018,0.37320574162679426,0.019246861327914398,0.010138895191816702
OFR,GES,Logit,40,1,40036,2f9c7dbecd8ea5dc,40,0.9199976840292102,0.2381038166974092,0.3026315789473684,0.019865558387464517,0.009161295734343792
OFR,GES,RF,40,1,40036,2f9c7dbecd8ea5dc,40,0.9252013808975834,0.4418901904462129,0.45588235294117646,0.01589022532848756,0.0037942409840648586
OFR,GES,LightGBM,40,2,40037,64dfcdc314abe226,40,0.9313242286731659,0.4806251989308226,0.4662576687116564,0.017187505714760486,0.017071606023494616
OFR,GES,XGBoost,40,2,40037,64dfcdc314abe226,40,0.9354025084858617,0.4466889502635168,0.39814814814814814,0.016258972085074427,0.012367805707153076
OFR,GES,FFMLP,40,2,40037,64dfcdc314abe226,40,0.8420688856561797,0.20777875473610025,0.32673267326732675,0.01989207703280814,0.008434253962966176
OFR,GES,Logit,40,2,40037,64dfcdc314abe226,40,0.8630501335301909,0.16160591445790337,0.28426395939086296,0.02110692109790367,0.006930238516230997
OFR,GES,RF,40,2,40037,64dfcdc314abe226,40,0.9340129260119706,0.42930317555519004,0.38613861386138615,0.01611590494828068,0.0060665362035225035
OFR,GES,LightGBM,40,3,40038,f2b205f92362fe3a,40,0.9338066598635024,0.49308830122988345,0.46153846153846156,0.016483313162669006,0.016301795745840696
OFR,GES,XGBoost,40,3,40038,f2b205f92362fe3a,40,0.9450933987595083,0.45889127395397156,0.45962732919254656,0.01594460542691251,0.011125001132327866
OFR,GES,FFMLP,40,3,40038,f2b205f92362fe3a,40,0.8806189431935789,0.24097294838965244,0.38509316770186336,0.019206447769604836,0.007999367618280847
OFR,GES,Logit,40,3,40038,f2b205f92362fe3a,40,0.9164585911660188,0.23234589273859813,0.3425414364640884,0.019996261629530818,0.010995543457028096
OFR,GES,RF,40,3,40038,f2b205f92362fe3a,40,0.939498881820353,0.4411848279953442,0.4148936170212766,0.015799042773273694,0.005612524461839529
OFR,GES,LightGBM,40,4,40039,9bb69dbbd084076c,40,0.9268696036071244,0.4846211924736057,0.49056603773584906,0.016281103225363105,0.015549914655279452
OFR,GES,XGBoost,40,4,40039,9bb69dbbd084076c,40,0.9391080617495712,0.45084719462677286,0.4900662251655629,0.01626726042384885,0.01242519914713366
OFR,GES,FFMLP,40,4,40039,9bb69dbbd084076c,40,0.8906680851987755,0.2862322963401388,0.38028169014084506,0.018640252887513375,0.0067440435542369115
OFR,GES,Logit,40,4,40039,9bb69dbbd084076c,40,0.9097965564409319,0.23055030069998164,0.32558139534883723,0.01977030287983056,0.009191542647551168
OFR,GES,RF,40,4,40039,9bb69dbbd084076c,40,0.9237792300844605,0.44482894227794223,0.40404040404040403,0.01570216158792284,0.00470114621190942
OFR,GES,LightGBM,ALL,0,48035,e958d9eef9e4cdf4,48,0.9339405519247889,0.48551460498085064,0.48366013071895425,0.016581288103170312,0.01702981539286253
OFR,GES,XGBoost,ALL,0,48035,e958d9eef9e4cdf4,48,0.9392745221500894,0.4657366025922245,0.4489795918367347,0.0159866715077716,0.01179509781543681
OFR,GES,FFMLP,ALL,0,48035,e958d9eef9e4cdf4,48,0.8929768185798757,0.27681379384844873,0.379746835443038,0.018912488207832,0.006931550538613622
OFR,GES,Logit,ALL,0,48035,e958d9eef9e4cdf4,48,0.9202763242648603,0.24813299495856836,0.28368794326241137,0.01970890971171741,0.010391249964140946
OFR,GES,RF,ALL,0,48035,e958d9eef9e4cdf4,48,0.9374977383097756,0.4356380476870997,0.39779005524861877,0.015791496785015378,0.006494828068213587
OFR,GES,LightGBM,ALL,1,48036,939ef04532e74e73,48,0.92732556035637,0.4840247099668191,0.49032258064516127,0.01633056494312661,0.016024085204767245
OFR,GES,XGBoost,ALL,1,48036,939ef04532e74e73,48,0.9409427448596304,0.4651373378873572,0.4966442953020134,0.016152525426745022,0.012274921216645536
OFR,GES,FFMLP,ALL,1,48036,939ef04532e74e73,48,0.8866694168819796,0.26195678593911975,0.37714285714285717,0.019031183153972515,0.008697486295358804
OFR,GES,Logit,ALL,1,48036,939ef04532e74e73,48,0.920431928552301,0.2489219151650513,0.28368794326241137,0.01970425340192526,0.011242050491291494
OFR,GES,RF,ALL,1,48036,939ef04532e74e73,48,0.9337415231850388,0.43570780959237443,0.40860215053763443,0.01586869331842326,0.004103438635728266
OFR,GES,LightGBM,ALL,2,48037,8f7d5b10f1503327,48,0.9324930701811524,0.4869132999316906,0.46616541353383456,0.01637461424747956,0.016230640848077803
OFR,GES,XGBoost,ALL,2,48037,8f7d5b10f1503327,48,0.9389705509839257,0.45343726747683644,0.4675324675324675,0.01618426377060596,0.012324501389740693
OFR,GES,FFMLP,ALL,2,48037,8f7d5b10f1503327,48,0.895444774952776,0.2667462631820578,0.36619718309859156,0.01886981766048929,0.007345126620510752
OFR,GES,Logit,ALL,2,48037,8f7d5b10f1503327,48,0.9199144538289511,0.24716030705675013,0.345679012345679,0.019732394142757063,0.010269506000335667
OFR,GES,RF,ALL,2,48037,8f7d5b10f1503327,48,0.9378957957892756,0.43923262894034765,0.42168674698795183,0.015796827509085825,0.0030981269220016774
OFR,GES,LightGBM,ALL,3,48038,7221aaa016b3bd2d,48,0.9317186674483069,0.490735304711906,0.4779874213836478,0.01650824120064416,0.01645766061353529
OFR,GES,XGBoost,ALL,3,48038,7221aaa016b3bd2d,48,0.9370526376736074,0.4651140251026899,0.4900662251655629,0.016139598918864576,0.011952269840096393
OFR,GES,FFMLP,ALL,3,48038,7221aaa016b3bd2d,48,0.8942831708535076,0.2628889389772373,0.37583892617449666,0.018814650464061933,0.008340063048977074
OFR,GES,Logit,ALL,3,48038,7221aaa016b3bd2d,48,0.9202546120387056,0.2480420610722062,0.29577464788732394,0.019715239153266038,0.010442618581731605
OFR,GES,RF,ALL,3,48038,7221aaa016b3bd2d,48,0.9364664075674346,0.4420987983328962,0.3953488372093023,0.015842268940452896,0.004907464355605255
OFR,GES,LightGBM,ALL,4,48039,34bf0fd5595a4d2f,48,0.9292615671884839,0.4883313292700149,0.4888888888888889,0.01632344925619958,0.015839771291951757
OFR,GES,XGBoost,ALL,4,48039,34bf0fd5595a4d2f,48,0.9420898741414624,0.4711885628771207,0.4685714285714286,0.015794668986595185,0.012129620754563293
OFR,GES,FFMLP,ALL,4,48039,34bf0fd5595a4d2f,48,0.8996605655311172,0.2740085411787167,0.36363636363636365,0.018779326332064406,0.007918954264765217
OFR,GES,Logit,ALL,4,48039,34bf0fd5595a4d2f,48,0.920261849447424,0.24830097572360205,0.29577464788732394,0.01970444445864425,0.010415845812398971
OFR,GES,RF,ALL,4,48039,34bf0fd5595a4d2f,48,0.9386159179567348,0.4320056804526859,0.416289592760181,0.015853006429969247,0.003990494828068212
OFR,GOLEM,LightGBM,5,0,5035,ed9806edde981766,5,0.7579159157855121,0.10830290690901657,0.1890909090909091,0.022265539005741988,0.020679640836617337
OFR,GOLEM,XGBoost,5,0,5035,ed9806edde981766,5,0.7858269825071833,0.13730763252436134,0.19305019305019305,0.020864824003488373,0.009947041310484527
OFR,GOLEM,FFMLP,5,0,5035,ed9806edde981766,5,0.6975884954151016,0.05328797811727866,0.09424083769633508,0.021289372870282278,0.00035249958008002757
OFR,GOLEM,Logit,5,0,5035,ed9806edde981766,5,0.6834900232320821,0.03986511414623327,0.02952029520295203,0.021682935117597765,0.0028609103674134516
OFR,GOLEM,RF,5,0,5035,ed9806edde981766,5,0.7716778484631361,0.12117013357357535,0.2153846153846154,0.020710383002516077,0.007226167179200447
OFR,GOLEM,LightGBM,5,1,5036,280639a75bd0bd9e,5,0.7325379421152051,0.06719577185386054,0.09207161125319693,0.022719192400620293,0.021522573723893122
OFR,GOLEM,XGBoost,5,1,5036,280639a75bd0bd9e,5,0.7129354206020078,0.0614765069510324,0.09060022650056625,0.022044932829248663,0.01269263361453352
OFR,GOLEM,FFMLP,5,1,5036,280639a75bd0bd9e,5,0.7274138567427318,0.06317528786433158,0.09937888198757763,0.021168667365077134,0.0007223863782648061
OFR,GOLEM,Logit,5,1,5036,280639a75bd0bd9e,5,0.661249466241107,0.03865445970938049,0.07515657620041753,0.021461474209891182,0.0012378330413984338
OFR,GOLEM,RF,5,1,5036,280639a75bd0bd9e,5,0.6705187774569192,0.06430023678075387,0.09968847352024922,0.022451031590718474,0.015612524461839531
OFR,GOLEM,LightGBM,5,2,5037,aca8670b571981bb,5,0.8373211455370518,0.16899519668440208,0.2127659574468085,0.02099525498211541,0.018894438709485505
OFR,GOLEM,XGBoost,5,2,5037,aca8670b571981bb,5,0.8664480969233775,0.1754499649369816,0.21935483870967742,0.020229336300742747,0.010072950515370147
OFR,GOLEM,FFMLP,5,2,5037,aca8670b571981bb,5,0.770313596919759,0.08530785561116928,0.1393596986817326,0.021121204868246635,0.001887402489160672
OFR,GOLEM,Logit,5,2,5037,aca8670b571981bb,5,0.7144046145717987,0.05873778029813532,0.08902077151335312,0.021340557376909094,0.002771667897143234
OFR,GOLEM,RF,5,2,5037,aca8670b571981bb,5,0.8611032705849998,0.19690005327578564,0.287292817679558,0.019364261671792005,0.006806262230919765
OFR,GOLEM,LightGBM,5,3,5038,3144dfba3402428e,5,0.7788537392072142,0.1423958563715473,0.22857142857142856,0.022548919470328253,0.020467738431162723
OFR,GOLEM,XGBoost,5,3,5038,3144dfba3402428e,5,0.8047455688965124,0.1713484648668564,0.24175824175824176,0.0202995460509809,0.009550349917970985
OFR,GOLEM,FFMLP,5,3,5038,3144dfba3402428e,5,0.7023941348039748,0.049002550351834824,0.09154929577464789,0.021354176969733955,0.001117864010768595
OFR,GOLEM,Logit,5,3,5038,3144dfba3402428e,5,0.6743347012035811,0.037985060488513564,0.05274725274725275,0.02172458908221813,0.0030254890039932815
OFR,GOLEM,RF,5,3,5038,3144dfba3402428e,5,0.7645073857755968,0.1364354125908767,0.22485207100591717,0.020442604417109312,0.006144254962258875
OFR,GOLEM,LightGBM,5,4,5039,3e020870bd891962,5,0.8732005992574419,0.20469304937021196,0.25806451612903225,0.021017863426713995,0.0197457978456266
OFR,GOLEM,XGBoost,5,4,5039,3e020870bd891962,5,0.8714021031909734,0.1799822843725355,0.27835051546391754,0.02047806596252561,0.011082815168842545
OFR,GOLEM,FFMLP,5,4,5039,3e020870bd891962,5,0.7694776762128088,0.07153898071756927,0.138801261829653,0.021249655216055863,0.0003304962846764236
OFR,GOLEM,Logit,5,4,5039,3e020870bd891962,5,0.687571921749137,0.03875544253802424,0.05584363781412046,0.0215826799234457,0.0012245439288065083
OFR,GOLEM,RF,5,4,5039,3e020870bd891962,5,0.8579821380752836,0.23322954694649145,0.3125,0.019021697511881465,0.006103997763488958
OFR,GOLEM,LightGBM,10,0,10035,66fa84e6e8b03cdd,10,0.8758820591875285,0.23320255729919448,0.3308270676691729,0.020614899921247005,0.019967317942007273
OFR,GOLEM,XGBoost,10,0,10035,66fa84e6e8b03cdd,10,0.8937476026083621,0.2741196216541356,0.39751552795031053,0.018672425698491778,0.011452627590492155
OFR,GOLEM,FFMLP,10,0,10035,66fa84e6e8b03cdd,10,0.7136265931345941,0.04503491755044247,0.07948717948717948,0.02136818299864449,0.0014153156212906208
OFR,GOLEM,Logit,10,0,10035,66fa84e6e8b03cdd,10,0.6845503036092958,0.039681199390040015,0.055776892430278883,0.021481816194081786,0.0006711485818378301
OFR,GOLEM,RF,10,0,10035,66fa84e6e8b03cdd,10,0.8938724479087508,0.253460400950539,0.3482587064676617,0.01855423315627621,0.003155157953592395
OFR,GOLEM,LightGBM,10,1,10036,ffdaabb05d4db37b,10,0.8965267675561442,0.37141962792527045,0.391304347826087,0.018750881535060118,0.018214938808927564
OFR,GOLEM,XGBoost,10,1,10036,ffdaabb05d4db37b,10,0.8975580982984853,0.38292032456032715,0.3790849673202614,0.01720779188782095,0.010797478931520924
OFR,GOLEM,FFMLP,10,1,10036,ffdaabb05d4db37b,10,0.7484385290690521,0.07326849798504413,0.14705882352941177,0.021151810975184218,0.005125315800030073
OFR,GOLEM,Logit,10,1,10036,ffdaabb05d4db37b,10,0.7606227066461123,0.06964357270448193,0.08536585365853659,0.021099383654238718,0.0005402192245624114
OFR,GOLEM,RF,10,1,10036,ffdaabb05d4db37b,10,0.9087579882898726,0.35553724084370925,0.37142857142857144,0.01725588705619234,0.0051098686049762376
OFR,GOLEM,LightGBM,10,2,10037,39c5f3ca29bd1ebb,10,0.875306685194433,0.33234486254341983,0.34,0.01895642734496574,0.01835765965017613
OFR,GOLEM,XGBoost,10,2,10037,39c5f3ca29bd1ebb,10,0.8887248409579436,0.3458894618640785,0.3220338983050847,0.01814956773492123,0.011603898302513169
OFR,GOLEM,FFMLP,10,2,10037,39c5f3ca29bd1ebb,10,0.925979402334788,0.2586416368396622,0.15841584158415842,0.01916535046814785,0.015920899863864392
OFR,GOLEM,Logit,10,2,10037,39c5f3ca29bd1ebb,10,0.910874930339941,0.23424636508870683,0.3558282208588957,0.020563306691199112,0.014918966341641034
OFR,GOLEM,RF,10,2,10037,39c5f3ca29bd1ebb,10,0.8770635661607717,0.34029433056669817,0.33707865168539325,0.01764854794520548,0.0078020687727145665
OFR,GOLEM,LightGBM,10,3,10038,20917f6323ea026e,10,0.8104196973315675,0.1697157076100624,0.24489795918367346,0.021263257627369105,0.01987245943036783
OFR,GOLEM,XGBoost,10,3,10038,20917f6323ea026e,10,0.8172120054135817,0.16788278579982638,0.3076923076923077,0.020233138516337332,0.010441891087475839
OFR,GOLEM,FFMLP,10,3,10038,20917f6323ea026e,10,0.7795738613746734,0.0767148684244536,0.13416536661466458,0.02098160372409489,0.004513545830905654
OFR,GOLEM,Logit,10,3,10038,20917f6323ea026e,10,0.7710120068610635,0.06014639309627544,0.12,0.021131131588876716,0.0014583190260587554
OFR,GOLEM,RF,10,3,10038,20917f6323ea026e,10,0.8015412061865369,0.12069442991544992,0.2,0.02072850097847358,0.007246295778585406
OFR,GOLEM,LightGBM,10,4,10039,ee21ac18ec2409c1,10,0.8594386665798178,0.20225696154894424,0.26666666666666666,0.020846312154805386,0.018932335348140417
OFR,GOLEM,XGBoost,10,4,10039,ee21ac18ec2409c1,10,0.8633902917399453,0.20572952660843358,0.23376623376623376,0.020400376007888556,0.013603561004034828
OFR,GOLEM,FFMLP,10,4,10039,ee21ac18ec2409c1,10,0.7673209284147904,0.06507496790673274,0.13526570048309178,0.02108568122783445,0.0017420649460808731
OFR,GOLEM,Logit,10,4,10039,ee21ac18ec2409c1,10,0.7917580389517337,0.07347381346320361,0.10212765957446808,0.02153625671163587,0.001763752653566648
OFR,GOLEM,RF,10,4,10039,ee21ac18ec2409c1,10,0.8644921872172887,0.2113314044977917,0.25688073394495414,0.019366859379368186,0.007600782778864969
OFR,GOLEM,LightGBM,20,0,20035,30bc87bd0cca19f9,20,0.9038220755440722,0.3942107941612058,0.43356643356643354,0.018026465625866753,0.017828165770945016
OFR,GOLEM,XGBoost,20,0,20035,30bc87bd0cca19f9,20,0.9087290386549999,0.3834954009103289,0.40789473684210525,0.017213637901263703,0.012405430577236606
OFR,GOLEM,FFMLP,20,0,20035,30bc87bd0cca19f9,20,0.8931432789803939,0.21397020702035538,0.34394904458598724,0.019247937913581602,0.00800679797379038
OFR,GOLEM,Logit,20,0,20035,30bc87bd0cca19f9,20,0.9056241903148997,0.25519638476371725,0.38461538461538464,0.020299112971074333,0.011770490740596249
OFR,GOLEM,RF,20,0,20035,30bc87bd0cca19f9,20,0.9122518473485753,0.37647641788245045,0.379746835443038,0.016711864691081914,0.004022924238188425
OFR,GOLEM,LightGBM,20,1,20036,6fd3d5e499c8eb44,20,0.9046254279117905,0.2981079953576117,0.27350427350427353,0.0200374650044837,0.019223556709718155
OFR,GOLEM,XGBoost,20,1,20036,6fd3d5e499c8eb44,20,0.8963422136338305,0.28379637101721067,0.3626373626373626,0.01900661763394062,0.012166659051158227
OFR,GOLEM,FFMLP,20,1,20036,6fd3d5e499c8eb44,20,0.8019772600618074,0.09489684199447339,0.20270270270270271,0.0211151290874191,0.0064719271353246245
OFR,GOLEM,Logit,20,1,20036,6fd3d5e499c8eb44,20,0.8094317910415355,0.09549987938762315,0.1834319526627219,0.021640661781910965,0.006125543059276009
OFR,GOLEM,RF,20,1,20036,6fd3d5e499c8eb44,20,0.8969139689225669,0.2785395552523226,0.2962962962962963,0.01840407715963098,0.004522225328487558
OFR,GOLEM,LightGBM,20,2,20037,9f6f4d5948b1c477,20,0.9148518864305824,0.3882272085779565,0.38016528925619836,0.018105451603098455,0.017862104370268174
OFR,GOLEM,XGBoost,20,2,20037,9f6f4d5948b1c477,20,0.9177034254655463,0.385326773290477,0.4142857142857143,0.01716827519785679,0.012803479136317462
OFR,GOLEM,FFMLP,20,2,20037,9f6f4d5948b1c477,20,0.885178510686034,0.27216067852298853,0.32,0.01901394841716203,0.0069115433614385475
OFR,GOLEM,Logit,20,2,20037,9f6f4d5948b1c477,20,0.9054975356623315,0.20833669522726536,0.32098765432098764,0.020096133385217787,0.008114742636187928
OFR,GOLEM,RF,20,2,20037,9f6f4d5948b1c477,20,0.9019005435293947,0.36898186128797117,0.38735177865612647,0.01676503997763489,0.00595303326810176
OFR,GOLEM,LightGBM,20,3,20038,0b5dd9862876bf8d,20,0.9071585209631544,0.4162665918784592,0.4027777777777778,0.018331326688363198,0.017258800494459724
OFR,GOLEM,XGBoost,20,3,20038,0b5dd9862876bf8d,20,0.9112331820714911,0.4223508839598308,0.4134078212290503,0.016653292398737262,0.012244880269209966
OFR,GOLEM,FFMLP,20,3,20038,0b5dd9862876bf8d,20,0.8965774294171716,0.23206085701914783,0.3815789473684211,0.01928083349547218,0.010798576151234064
OFR,GOLEM,Logit,20,3,20038,0b5dd9862876bf8d,20,0.9181449073973554,0.23813175327125943,0.2517482517482518,0.01934058809727599,0.011789955526220596
OFR,GOLEM,RF,20,3,20038,0b5dd9862876bf8d,20,0.9233268920395741,0.409634521158034,0.39520958083832336,0.016490526139222812,0.005505731059547105
OFR,GOLEM,LightGBM,20,4,20039,f0781f8e02a7f8d3,20,0.9077737007041999,0.40352405780249034,0.40789473684210525,0.018180996952884942,0.0172641169777213
OFR,GOLEM,XGBoost,20,4,20039,f0781f8e02a7f8d3,20,0.9135961960179777,0.36932631573023983,0.4567901234567901,0.017564521565128745,0.012361412689944812
OFR,GOLEM,FFMLP,20,4,20039,f0781f8e02a7f8d3,20,0.8763163037106195,0.1892838824446208,0.27715355805243447,0.01959944189348377,0.005943025494354179
OFR,GOLEM,Logit,20,4,20039,f0781f8e02a7f8d3,20,0.9184923030158283,0.24498253229845707,0.15789473684210525,0.019358026096373864,0.010920434301941763
OFR,GOLEM,RF,20,4,20039,f0781f8e02a7f8d3,20,0.9178264614137553,0.39807980005533206,0.3486238532110092,0.016679787531450937,0.00484875594073246
OFR,GOLEM,LightGBM,30,0,30035,e842280f12f38c4f,30,0.9268696036071244,0.4552695504264149,0.46774193548387094,0.016865455696888125,0.016245881024861224
OFR,GOLEM,XGBoost,30,0,30035,e842280f12f38c4f,30,0.9358657026438254,0.46229673887370787,0.4294478527607362,0.016175467265787235,0.012409719685457071
OFR,GOLEM,FFMLP,30,0,30035,e842280f12f38c4f,30,0.8661984063226003,0.23863841019452872,0.4025157232704403,0.01946430528633181,0.011077001840053223
OFR,GOLEM,Logit,30,0,30035,e842280f12f38c4f,30,0.9138133182795231,0.23343086115875208,0.34355828220858897,0.019672882999396946,0.008205182278864036
OFR,GOLEM,RF,30,0,30035,e842280f12f38c4f,30,0.9345720158354502,0.4311937077204373,0.43209876543209874,0.016046380766005033,0.0041520827509085815
OFR,GOLEM,LightGBM,30,1,30036,b40efe9ea2f39bc0,30,0.9232581366567514,0.4746994899919029,0.4827586206896552,0.01676703346318173,0.016339946701066907
OFR,GOLEM,XGBoost,30,1,30036,b40efe9ea2f39bc0,30,0.9334086023840025,0.4656180261714411,0.48366013071895425,0.015708007251998425,0.012071187690739811
OFR,GOLEM,FFMLP,30,1,30036,b40efe9ea2f39bc0,30,0.8843498273878021,0.2260585003038591,0.37988826815642457,0.019365731929501296,0.008738584948720832
OFR,GOLEM,Logit,30,1,30036,b40efe9ea2f39bc0,30,0.9198601732635646,0.2508421468611737,0.3333333333333333,0.019739713501600593,0.009217907195450983
OFR,GOLEM,RF,30,1,30036,b40efe9ea2f39bc0,30,0.9251398629234789,0.42194291962278424,0.41025641025641024,0.016186264467430808,0.005194856024601621
OFR,GOLEM,LightGBM,30,2,30037,ac81007dae49f3e7,30,0.9198999790115148,0.441526924651105,0.4383561643835616,0.016880459308295154,0.016913523368464634
OFR,GOLEM,XGBoost,30,2,30037,ac81007dae49f3e7,30,0.9303435597918522,0.43100879449752116,0.40336134453781514,0.016724022567186168,0.012531385523417319
OFR,GOLEM,FFMLP,30,2,30037,ac81007dae49f3e7,30,0.8686627439911414,0.23552421173398,0.3181818181818182,0.01924696232720617,0.007073967362711608
OFR,GOLEM,Logit,30,2,30037,ac81007dae49f3e7,30,0.9143163181854369,0.2404139061730025,0.2748091603053435,0.019538241214393497,0.00763112072131932
OFR,GOLEM,RF,30,2,30037,ac81007dae49f3e7,30,0.9309623582372568,0.43012611197182227,0.41975308641975306,0.016072673189823874,0.003715963097567795
OFR,GOLEM,LightGBM,30,3,30038,6133a5bff7718d90,30,0.9268768410158427,0.43791525719142266,0.46540880503144655,0.017170768719582594,0.017421255969509625
OFR,GOLEM,XGBoost,30,3,30038,6133a5bff7718d90,30,0.9256139131945198,0.45682513258127727,0.43037974683544306,0.016262122333018755,0.013269317855806968
OFR,GOLEM,FFMLP,30,3,30038,6133a5bff7718d90,30,0.8740075703295191,0.27124458095007553,0.3564356435643564,0.01942745710075334,0.010250862851334844
OFR,GOLEM,Logit,30,3,30038,6133a5bff7718d90,30,0.913125764451296,0.2375863492856661,0.3116883116883117,0.019330459810086808,0.009559788782616806
OFR,GOLEM,RF,30,3,30038,6133a5bff7718d90,30,0.9194639251362442,0.41474241388876865,0.39263803680981596,0.01621101481688566,0.004985183114341628
OFR,GOLEM,LightGBM,30,4,30039,45c3b6d7371bbb17,30,0.897272220654117,0.4004812840049962,0.4057971014492754,0.01795179172779085,0.017245245577263195
OFR,GOLEM,XGBoost,30,4,30039,45c3b6d7371bbb17,30,0.9101367146506865,0.37928463096471887,0.42857142857142855,0.017435823414735766,0.012584035296273246
OFR,GOLEM,FFMLP,30,4,30039,45c3b6d7371bbb17,30,0.8819831947369564,0.21693433833712406,0.34146341463414637,0.019568006743187514,0.006969461284175844
OFR,GOLEM,Logit,30,4,30039,45c3b6d7371bbb17,30,0.915666094911378,0.22541662802316606,0.3,0.020158852905840744,0.009783862776250391
OFR,GOLEM,RF,30,4,30039,45c3b6d7371bbb17,30,0.9103827865471046,0.3610425059821099,0.3673469387755102,0.016828040257198768,0.0045932345540956095
OFR,GOLEM,LightGBM,40,0,39035,e4fbaa2e50e01735,39,0.9280384451151109,0.46741975548684633,0.45454545454545453,0.016658543563545382,0.01626970755551957
OFR,GOLEM,XGBoost,40,0,39035,e4fbaa2e50e01735,39,0.9318272285790795,0.450449060586482,0.4755244755244755,0.016061949639452858,0.012156686151888654
OFR,GOLEM,FFMLP,40,0,39035,e4fbaa2e50e01735,39,0.8880553806515116,0.2571918896059737,0.34782608695652173,0.019014698379397087,0.007498902226268397
OFR,GOLEM,Logit,40,0,39035,e4fbaa2e50e01735,39,0.9154923971021417,0.2445140720233409,0.32167832167832167,0.019302323910663208,0.008321245015538948
OFR,GOLEM,RF,40,0,39035,e4fbaa2e50e01735,39,0.924589819860897,0.407714716090127,0.4024390243902439,0.016365395582890692,0.003798154878389711
OFR,GOLEM,LightGBM,40,1,39036,a6f465992ad87093,39,0.9292036679187383,0.4675380412987279,0.48717948717948717,0.016634527494305194,0.016707935478824067
OFR,GOLEM,XGBoost,40,1,39036,a6f465992ad87093,39,0.9332204297573297,0.46521210410821806,0.4689655172413793,0.015856244087207937,0.01177788860960516
OFR,GOLEM,FFMLP,40,1,39036,a6f465992ad87093,39,0.8910227182259663,0.2421344291529908,0.34285714285714286,0.019438470213418584,0.008879742060488817
OFR,GOLEM,Logit,40,1,39036,a6f465992ad87093,39,0.9156480013895825,0.24410001866358702,0.32167832167832167,0.019297617018024744,0.008809452260511778
OFR,GOLEM,RF,40,1,39036,a6f465992ad87093,39,0.9284817363990997,0.414403859683926,0.39520958083832336,0.01637622812412636,0.005544310875034946
OFR,GOLEM,LightGBM,40,2,39037,119e80ec100183a1,39,0.9295944879895202,0.46741585339895175,0.4868421052631579,0.016730794136027894,0.017168806499560013
OFR,GOLEM,XGBoost,40,2,39037,119e80ec100183a1,39,0.9322144299455023,0.457214645265915,0.4768211920529801,0.016084212870780462,0.012500167284853418
OFR,GOLEM,FFMLP,40,2,39037,119e80ec100183a1,39,0.8847695970934568,0.24086414376300738,0.3382352941176471,0.019291006319948557,0.00964178561149928
OFR,GOLEM,Logit,40,2,39037,119e80ec100183a1,39,0.9153874546757279,0.24328660988233214,0.323943661971831,0.019302230153116575,0.008349388071796672
OFR,GOLEM,RF,40,2,39037,119e80ec100183a1,39,0.9280800602152406,0.39945035266154305,0.3950617283950617,0.016534579815487838,0.004694436678781101
OFR,GOLEM,LightGBM,40,3,39038,71b4e9350f9d5f6a,39,0.9318996026662614,0.4681298138132398,0.47058823529411764,0.01651098839788966,0.016325966473774236
OFR,GOLEM,XGBoost,40,3,39038,71b4e9350f9d5f6a,39,0.9289286463874474,0.4505348389434628,0.4666666666666667,0.016210951442436155,0.013088988995261291
OFR,GOLEM,FFMLP,40,3,39038,71b4e9350f9d5f6a,39,0.8872918340317432,0.2374504569440208,0.3404255319148936,0.019095396767885457,0.008156389227933162
OFR,GOLEM,Logit,40,3,39038,71b4e9350f9d5f6a,39,0.9157637999290733,0.24311197319801356,0.3194444444444444,0.019318735083498188,0.007922261960728363
OFR,GOLEM,RF,40,3,39038,71b4e9350f9d5f6a,39,0.919711806384842,0.41198014719330944,0.38857142857142857,0.016397931227285435,0.0053240145373217775
OFR,GOLEM,LightGBM,40,4,39039,dc0485e8e303dc12,39,0.9281687184720383,0.4722294945541213,0.5038167938931297,0.016811341435864192,0.01679105786602212
OFR,GOLEM,XGBoost,40,4,39039,dc0485e8e303dc12,39,0.9327029550339796,0.4540427717805479,0.4666666666666667,0.016338234616567512,0.012664117743288494
OFR,GOLEM,FFMLP,40,4,39039,dc0485e8e303dc12,39,0.8881711791910025,0.24558406499585692,0.34965034965034963,0.019076994945831358,0.00791469489468737
OFR,GOLEM,Logit,40,4,39039,dc0485e8e303dc12,39,0.9156045769372734,0.24345754140470469,0.32167832167832167,0.019307427189401535,0.008678167983234128
OFR,GOLEM,RF,40,4,39039,dc0485e8e303dc12,39,0.921057964406424,0.3953974338616464,0.41025641025641024,0.01653670338272295,0.005172490914173888
OFR,GOLEM,LightGBM,ALL,0,39035,a5eabf228f6767e3,39,0.9280384451151109,0.46741975548684633,0.45454545454545453,0.016658543563545434,0.01626970755551959
OFR,GOLEM,XGBoost,ALL,0,39035,a5eabf228f6767e3,39,0.9318272285790795,0.450449060586482,0.4755244755244755,0.016061949639452858,0.012156686151888654
OFR,GOLEM,FFMLP,ALL,0,39035,a5eabf228f6767e3,39,0.8880553806515116,0.2571918896059737,0.34782608695652173,0.019014698379397087,0.007498902226268397
OFR,GOLEM,Logit,ALL,0,39035,a5eabf228f6767e3,39,0.9154923971021417,0.2445140720233409,0.32167832167832167,0.019302323910663208,0.008321245015538948
OFR,GOLEM,RF,ALL,0,39035,a5eabf228f6767e3,39,0.924589819860897,0.407714716090127,0.4024390243902439,0.016365395582890692,0.003798154878389711
OFR,GOLEM,LightGBM,ALL,1,39036,5e8f89a593fd9b17,39,0.9292036679187383,0.4675380412987279,0.48717948717948717,0.01663452749430519,0.016707935478824064
OFR,GOLEM,XGBoost,ALL,1,39036,5e8f89a593fd9b17,39,0.9332204297573297,0.46521210410821806,0.4689655172413793,0.015856244087207937,0.01177788860960516
OFR,GOLEM,FFMLP,ALL,1,39036,5e8f89a593fd9b17,39,0.8910227182259663,0.2421344291529908,0.34285714285714286,0.019438470213418584,0.008879742060488817
OFR,GOLEM,Logit,ALL,1,39036,5e8f89a593fd9b17,39,0.9156480013895825,0.24410001866358702,0.32167832167832167,0.019297617018024744,0.008809452260511778
OFR,GOLEM,RF,ALL,1,39036,5e8f89a593fd9b17,39,0.9284817363990997,0.414403859683926,0.39520958083832336,0.01637622812412636,0.005544310875034946
OFR,GOLEM,LightGBM,ALL,2,39037,367ca39ad3fd1710,39,0.9295944879895202,0.46741585339895175,0.4868421052631579,0.01673079413602789,0.017168806499560013
OFR,GOLEM,XGBoost,ALL,2,39037,367ca39ad3fd1710,39,0.9322144299455023,0.457214645265915,0.4768211920529801,0.016084212870780462,0.012500167284853418
OFR,GOLEM,FFMLP,ALL,2,39037,367ca39ad3fd1710,39,0.8847695970934568,0.24086414376300738,0.3382352941176471,0.019291006319948557,0.00964178561149928
OFR,GOLEM,Logit,ALL,2,39037,367ca39ad3fd1710,39,0.9153874546757279,0.24328660988233214,0.323943661971831,0.019302230153116575,0.008349388071796672
OFR,GOLEM,RF,ALL,2,39037,367ca39ad3fd1710,39,0.9280800602152406,0.39945035266154305,0.3950617283950617,0.016534579815487838,0.004694436678781101
OFR,GOLEM,LightGBM,ALL,3,39038,7710ddd4ae6bd24c,39,0.9318996026662614,0.4681298138132398,0.47058823529411764,0.016510988397889663,0.01632596647377424
OFR,GOLEM,XGBoost,ALL,3,39038,7710ddd4ae6bd24c,39,0.9289286463874474,0.4505348389434628,0.4666666666666667,0.016210951442436155,0.013088988995261291
OFR,GOLEM,FFMLP,ALL,3,39038,7710ddd4ae6bd24c,39,0.8872918340317432,0.2374504569440208,0.3404255319148936,0.019095396767885457,0.008156389227933162
OFR,GOLEM,Logit,ALL,3,39038,7710ddd4ae6bd24c,39,0.9157637999290733,0.24311197319801356,0.3194444444444444,0.019318735083498188,0.007922261960728363
OFR,GOLEM,RF,ALL,3,39038,7710ddd4ae6bd24c,39,0.919711806384842,0.41198014719330944,0.38857142857142857,0.016397931227285435,0.0053240145373217775
OFR,GOLEM,LightGBM,ALL,4,39039,e4f41ddc9d566d0c,39,0.9281687184720383,0.4722294945541213,0.5038167938931297,0.01681134143586419,0.01679105786602212
OFR,GOLEM,XGBoost,ALL,4,39039,e4f41ddc9d566d0c,39,0.9327029550339796,0.4540427717805479,0.4666666666666667,0.016338234616567512,0.012664117743288494
OFR,GOLEM,FFMLP,ALL,4,39039,e4f41ddc9d566d0c,39,0.8881711791910025,0.24558406499585692,0.34965034965034963,0.019076994945831358,0.00791469489468737
OFR,GOLEM,Logit,ALL,4,39039,e4f41ddc9d566d0c,39,0.9156045769372734,0.24345754140470469,0.32167832167832167,0.019307427189401535,0.008678167983234128
OFR,GOLEM,RF,ALL,4,39039,e4f41ddc9d566d0c,39,0.921057964406424,0.3953974338616464,0.41025641025641024,0.01653670338272295,0.005172490914173888
