Variable,N,Mean,Std,Min,Median,Max
leverage_ratio,17881,0.0,1.0,-2.3476,-0.1575,20.1202
asset_liabilities,17881,-0.0,1.0,-1.0682,-0.1517,25.6482
roe,17881,0.0,1.0,-15.0623,0.1001,21.027
asset_turnover,17881,0.0,1.0,-1.5795,-0.0938,23.6218
debt_ratio,17881,0.0,1.0,-13.5396,0.1578,1.6873
debt_ratio2,17881,-0.0,1.0,-1.2451,-0.214,7.4053
roa,17881,0.0,1.0,-7.9862,-0.0778,12.4665
capitalization_ratio,17881,0.0,1.0,-1.7024,-0.0903,2.6071
longtermdebt_invcap,17881,0.0,1.0,-1.506,-0.1183,10.3202
totaldebt_invcap,17881,0.0,1.0,-1.2819,-0.25,6.8131
cash_debt,17881,-0.0,1.0,-10.1973,0.0712,6.9106
debt_ebitda,17881,-0.0,1.0,-14.3661,-0.1146,26.4781
rect_turn,17881,-0.0,1.0,-0.2475,-0.0993,37.8508
edge_GES__asset_liabilities__leverage_ratio,17881,-0.4135,1.5662,-47.2205,-0.1095,2.0961
edge_GES__asset_liabilities__roe,17881,0.0024,0.076,-1.6615,0.0028,2.9294
edge_GES__asset_liabilities__debt_ratio,17881,0.8433,8.584,-1.5861,0.1356,319.4331
edge_GES__asset_liabilities__rect_turn,17881,0.4037,9.2569,-7.9303,0.0002,582.1066
edge_GES__asset_turnover__leverage_ratio,17881,0.0268,0.2461,-8.1096,0.0156,4.4367
edge_GES__asset_turnover__roe,17881,-0.02,0.1692,-3.9978,-0.0043,7.0901
edge_GES__asset_turnover__capitalization_ratio,17881,0.0007,0.1308,-4.568,0.002,3.1647
edge_GES__asset_turnover__totaldebt_invcap,17881,0.0577,0.3155,-5.1045,0.0181,13.2171
edge_GES__asset_turnover__rect_turn,17881,0.1251,1.7424,-3.3748,0.0102,73.931
edge_GES__debt_ratio__leverage_ratio,17881,1.0284,2.4684,-3.8934,0.3248,44.8401
edge_GES__debt_ratio__roe,17881,0.0012,0.0747,-1.4712,0.0028,2.4822
edge_GES__debt_ratio__roa,17881,0.0625,0.9661,-13.5959,0.0015,38.4159
edge_GES__debt_ratio__capitalization_ratio,17881,0.0277,0.1414,-3.0515,0.0068,2.4885
edge_GES__debt_ratio__rect_turn,17881,-0.1482,3.1798,-167.9185,0.0011,4.5838
edge_GES__debt_ratio2__leverage_ratio,17881,0.0172,0.1431,-0.9336,0.0063,3.7924
edge_GES__debt_ratio2__asset_liabilities,17881,-0.0001,0.0148,-0.1497,-0.0001,0.7865
edge_GES__debt_ratio2__debt_ratio,17881,0.0032,0.0797,-1.7003,0.0013,0.6302
edge_GES__debt_ratio2__roa,17881,0.0263,0.5118,-7.9503,-0.0014,14.6415
edge_GES__debt_ratio2__capitalization_ratio,17881,0.463,0.9998,-6.1355,0.2034,13.1511
edge_GES__debt_ratio2__longtermdebt_invcap,17881,0.3529,0.8126,-4.7128,0.161,24.8976
edge_GES__debt_ratio2__totaldebt_invcap,17881,0.2692,0.7201,-0.8676,0.1014,18.9944
edge_GES__roa__leverage_ratio,17881,0.0315,0.2453,-3.7822,0.0016,5.0443
edge_GES__roa__roe,17881,0.2888,1.6005,-12.2975,0.0259,46.7965
edge_GES__roa__asset_turnover,17881,0.2511,2.2735,-25.5474,0.0277,103.8066
edge_GES__roa__totaldebt_invcap,17881,0.0148,0.3089,-18.56,-0.0003,10.3183
edge_GES__roa__rect_turn,17881,0.0465,0.7998,-9.7379,0.0009,34.9317
edge_GES__cash_debt__asset_liabilities,17881,0.0196,0.4862,-4.5134,0.0004,20.472
edge_GES__cash_debt__debt_ratio,17881,-0.0028,0.0633,-2.2242,-0.0002,1.073
edge_GES__cash_debt__debt_ratio2,17881,0.0149,0.2114,-4.7838,0.0021,7.6309
edge_GES__cash_debt__longtermdebt_invcap,17881,-0.0013,0.0294,-0.4649,-0.0003,0.9434
edge_GES__cash_debt__totaldebt_invcap,17881,0.0103,0.0978,-2.3509,0.0016,4.0827
edge_GES__cash_debt__rect_turn,17881,0.0016,0.0721,-2.8856,-0.0001,3.3358
edge_GES__debt_ebitda__roe,17881,0.0016,0.1112,-5.4361,-0.0007,4.3119
edge_GES__debt_ebitda__debt_ratio2,17881,0.1045,0.5679,-15.6642,0.0399,20.2624
edge_GES__debt_ebitda__roa,17881,0.0094,0.187,-3.0506,0.0032,5.1752
leverage_ratio,17881,0.0,1.0,-2.3476,-0.1575,20.1202
asset_liabilities,17881,-0.0,1.0,-1.0682,-0.1517,25.6482
roe,17881,0.0,1.0,-15.0623,0.1001,21.027
asset_turnover,17881,0.0,1.0,-1.5795,-0.0938,23.6218
debt_ratio,17881,0.0,1.0,-13.5396,0.1578,1.6873
debt_ratio2,17881,-0.0,1.0,-1.2451,-0.214,7.4053
roa,17881,0.0,1.0,-7.9862,-0.0778,12.4665
capitalization_ratio,17881,0.0,1.0,-1.7024,-0.0903,2.6071
longtermdebt_invcap,17881,0.0,1.0,-1.506,-0.1183,10.3202
totaldebt_invcap,17881,0.0,1.0,-1.2819,-0.25,6.8131
cash_debt,17881,-0.0,1.0,-10.1973,0.0712,6.9106
debt_ebitda,17881,-0.0,1.0,-14.3661,-0.1146,26.4781
rect_turn,17881,-0.0,1.0,-0.2475,-0.0993,37.8508
edge_GOLEM__leverage_ratio__asset_liabilities,17881,-0.1182,0.4475,-13.4921,-0.0313,0.5989
edge_GOLEM__leverage_ratio__asset_turnover,17881,0.0313,0.2869,-9.4545,0.0182,5.1725
edge_GOLEM__leverage_ratio__totaldebt_invcap,17881,0.1975,0.5699,-2.6889,0.0611,9.8757
edge_GOLEM__roe__totaldebt_invcap,17881,0.006,0.1261,-9.1106,0.0015,1.4978
edge_GOLEM__debt_ratio__leverage_ratio,17881,0.5752,1.3805,-2.1775,0.1817,25.0778
edge_GOLEM__debt_ratio__asset_liabilities,17881,0.9614,9.7864,-1.8083,0.1546,364.1775
edge_GOLEM__debt_ratio__rect_turn,17881,0.1073,2.3036,-3.3207,-0.0008,121.6482
edge_GOLEM__debt_ratio2__roa,17881,0.0156,0.3027,-4.7024,-0.0008,8.6601
edge_GOLEM__debt_ratio2__capitalization_ratio,17881,0.4621,0.9979,-6.124,0.203,13.1265
edge_GOLEM__debt_ratio2__totaldebt_invcap,17881,0.4191,1.1209,-1.3506,0.1579,29.5688
edge_GOLEM__debt_ratio2__debt_ebitda,17881,0.0989,0.5374,-14.8229,0.0378,19.1741
edge_GOLEM__debt_ratio2__rect_turn,17881,0.0306,0.4754,-4.5204,0.0022,22.1394
edge_GOLEM__roa__roe,17881,0.2635,1.4604,-11.2209,0.0236,42.6994
edge_GOLEM__roa__asset_turnover,17881,0.2334,2.1136,-23.7502,0.0258,96.504
edge_GOLEM__roa__debt_ratio,17881,0.0521,0.8058,-11.3393,0.0012,32.0397
edge_GOLEM__roa__capitalization_ratio,17881,0.0121,0.1706,-3.2537,0.0038,2.3739
edge_GOLEM__roa__totaldebt_invcap,17881,0.0103,0.2158,-12.9667,-0.0002,7.2088
edge_GOLEM__roa__rect_turn,17881,0.0937,1.6121,-19.6293,0.0017,70.4137
edge_GOLEM__capitalization_ratio__debt_ratio,17881,0.021,0.1072,-2.3118,0.0051,1.8853
edge_GOLEM__capitalization_ratio__longtermdebt_invcap,17881,0.8386,1.0464,-1.2721,0.5359,18.7859
edge_GOLEM__capitalization_ratio__totaldebt_invcap,17881,-0.132,0.7541,-7.6351,-0.034,8.3909
edge_GOLEM__longtermdebt_invcap__totaldebt_invcap,17881,0.089,0.5816,-3.1418,0.017,18.6151
edge_GOLEM__rect_turn__leverage_ratio,17881,-0.0136,0.4601,-20.1449,0.0056,7.2988
edge_GOLEM__rect_turn__asset_liabilities,17881,0.0614,1.4085,-1.2066,0.0,88.5688
edge_GOLEM__rect_turn__roe,17881,-0.0024,0.1669,-8.0263,-0.0,12.7343
edge_GOLEM__rect_turn__asset_turnover,17881,0.1093,1.5232,-2.9503,0.0089,64.6299
leverage_ratio,17881,0.0,1.0,-2.3476,-0.1575,20.1202
asset_liabilities,17881,-0.0,1.0,-1.0682,-0.1517,25.6482
roe,17881,0.0,1.0,-15.0623,0.1001,21.027
asset_turnover,17881,0.0,1.0,-1.5795,-0.0938,23.6218
debt_ratio,17881,0.0,1.0,-13.5396,0.1578,1.6873
debt_ratio2,17881,-0.0,1.0,-1.2451,-0.214,7.4053
roa,17881,0.0,1.0,-7.9862,-0.0778,12.4665
capitalization_ratio,17881,0.0,1.0,-1.7024,-0.0903,2.6071
longtermdebt_invcap,17881,0.0,1.0,-1.506,-0.1183,10.3202
totaldebt_invcap,17881,0.0,1.0,-1.2819,-0.25,6.8131
cash_debt,17881,-0.0,1.0,-10.1973,0.0712,6.9106
debt_ebitda,17881,-0.0,1.0,-14.3661,-0.1146,26.4781
rect_turn,17881,-0.0,1.0,-0.2475,-0.0993,37.8508
edge_NOTEARS__asset_liabilities__rect_turn,17881,0.2971,6.8118,-5.8356,0.0001,428.3522
edge_NOTEARS__debt_ratio__leverage_ratio,17881,0.4063,0.9753,-1.5383,0.1283,17.7168
edge_NOTEARS__debt_ratio__asset_liabilities,17881,1.0249,10.4324,-1.9277,0.1648,388.2157
edge_NOTEARS__debt_ratio2__debt_ratio,17881,-0.0363,0.905,-7.1535,-0.0144,19.2987
edge_NOTEARS__debt_ratio2__roa,17881,0.0733,1.4254,-22.1412,-0.004,40.7758
edge_NOTEARS__debt_ratio2__capitalization_ratio,17881,0.442,0.9546,-5.8581,0.1942,12.5565
edge_NOTEARS__debt_ratio2__totaldebt_invcap,17881,0.402,1.0753,-1.2955,0.1515,28.3643
edge_NOTEARS__roa__roe,17881,0.2916,1.6163,-12.4184,0.0262,47.2563
edge_NOTEARS__roa__asset_turnover,17881,0.2559,2.3171,-26.0369,0.0282,105.7956
edge_NOTEARS__capitalization_ratio__debt_ratio,17881,0.1371,0.6993,-15.0883,0.0335,12.3042
edge_NOTEARS__capitalization_ratio__roa,17881,0.0404,0.5702,-10.8754,0.0128,7.9349
edge_NOTEARS__capitalization_ratio__longtermdebt_invcap,17881,0.8208,1.0242,-1.2451,0.5245,18.387
edge_NOTEARS__capitalization_ratio__totaldebt_invcap,17881,-0.1327,0.7579,-7.6738,-0.0342,8.4335
edge_NOTEARS__longtermdebt_invcap__totaldebt_invcap,17881,0.1229,0.8035,-4.3402,0.0234,25.7157
edge_NOTEARS__totaldebt_invcap__leverage_ratio,17881,0.1953,0.5635,-2.6587,0.0604,9.7647
edge_NOTEARS__totaldebt_invcap__debt_ratio,17881,0.2468,0.6647,-8.4397,0.0524,9.0802
edge_NOTEARS__debt_ebitda__debt_ratio2,17881,0.1047,0.5686,-15.6847,0.04,20.2889
leverage_ratio,17881,0.0,1.0,-2.3476,-0.1575,20.1202
asset_liabilities,17881,-0.0,1.0,-1.0682,-0.1517,25.6482
roe,17881,0.0,1.0,-15.0623,0.1001,21.027
asset_turnover,17881,0.0,1.0,-1.5795,-0.0938,23.6218
debt_ratio,17881,0.0,1.0,-13.5396,0.1578,1.6873
debt_ratio2,17881,-0.0,1.0,-1.2451,-0.214,7.4053
roa,17881,0.0,1.0,-7.9862,-0.0778,12.4665
capitalization_ratio,17881,0.0,1.0,-1.7024,-0.0903,2.6071
longtermdebt_invcap,17881,0.0,1.0,-1.506,-0.1183,10.3202
totaldebt_invcap,17881,0.0,1.0,-1.2819,-0.25,6.8131
cash_debt,17881,-0.0,1.0,-10.1973,0.0712,6.9106
debt_ebitda,17881,-0.0,1.0,-14.3661,-0.1146,26.4781
rect_turn,17881,-0.0,1.0,-0.2475,-0.0993,37.8508
edge_PC__leverage_ratio__asset_turnover,17881,0.0251,0.23,-7.5798,0.0146,4.1468
edge_PC__leverage_ratio__capitalization_ratio,17881,0.0044,0.0221,-0.1303,0.0011,0.7101
edge_PC__asset_liabilities__debt_ratio,17881,0.8405,8.5553,-1.5808,0.1351,318.3643
edge_PC__asset_liabilities__cash_debt,17881,0.017,0.4214,-3.9124,0.0003,17.7462
edge_PC__asset_liabilities__rect_turn,17881,0.3951,9.0588,-7.7606,0.0002,569.6508
edge_PC__asset_turnover__roe,17881,-0.0188,0.1592,-3.7605,-0.004,6.6693
edge_PC__asset_turnover__roa,17881,0.2468,2.2348,-25.1124,0.0272,102.039
edge_PC__asset_turnover__rect_turn,17881,0.1186,1.6528,-3.2013,0.0096,70.1287
edge_PC__debt_ratio__leverage_ratio,17881,0.4517,1.0842,-1.7101,0.1427,19.6946
edge_PC__debt_ratio__rect_turn,17881,-0.1378,2.9565,-156.1288,0.001,4.262
edge_PC__debt_ratio2__roa,17881,0.0064,0.1237,-1.9207,-0.0003,3.5372
edge_PC__debt_ratio2__capitalization_ratio,17881,0.1419,0.3064,-1.8803,0.0623,4.0304
edge_PC__debt_ratio2__longtermdebt_invcap,17881,0.3509,0.808,-4.6863,0.1601,24.7579
edge_PC__debt_ratio2__totaldebt_invcap,17881,0.3008,0.8044,-0.9692,0.1133,21.2195
edge_PC__debt_ratio2__cash_debt,17881,0.0128,0.1822,-4.1225,0.0018,6.576
edge_PC__debt_ratio2__debt_ebitda,17881,0.1122,0.6094,-16.8086,0.0428,21.7427
edge_PC__debt_ratio2__rect_turn,17881,0.0218,0.3391,-3.2238,0.0015,15.7892
edge_PC__roa__roe,17881,0.2643,1.4651,-11.2572,0.0237,42.8377
edge_PC__roa__debt_ebitda,17881,0.0093,0.185,-3.0181,0.0032,5.1202
edge_PC__roa__rect_turn,17881,0.0428,0.7361,-8.9628,0.0008,32.1512
edge_PC__longtermdebt_invcap__capitalization_ratio,17881,0.7006,0.8742,-1.0627,0.4477,15.6935
edge_PC__longtermdebt_invcap__totaldebt_invcap,17881,-0.024,0.1571,-5.029,-0.0046,0.8488
edge_PC__totaldebt_invcap__leverage_ratio,17881,0.1498,0.4321,-2.0389,0.0463,7.4886
edge_PC__totaldebt_invcap__cash_debt,17881,0.0092,0.0874,-2.0999,0.0014,3.6467
leverage_ratio,17881,10.9964,4.4918,0.452,10.289,101.369
asset_liabilities,17881,1.11,0.0846,1.0197,1.0972,3.2787
roe,17881,0.0876,0.1638,-2.379,0.104,3.531
asset_turnover,17881,0.0753,0.0357,0.019,0.072,0.918
debt_ratio,17881,0.9041,0.0438,0.311,0.911,0.978
debt_ratio2,17881,0.1375,0.1096,0.001,0.114,0.949
roa,17881,0.0231,0.0147,-0.094,0.022,0.206
capitalization_ratio,17881,0.3769,0.2202,0.002,0.357,0.951
longtermdebt_invcap,17881,0.3905,0.258,0.002,0.36,3.053
totaldebt_invcap,17881,0.8639,0.6677,0.008,0.697,5.413
cash_debt,17881,0.0092,0.0534,-0.535,0.013,0.378
debt_ebitda,17881,6.8221,14.9524,-207.98,5.109,402.721
rect_turn,17881,0.1542,0.4653,0.039,0.108,17.766
leverage_ratio,17881,0.0,1.0,-2.3476,-0.1575,20.1202
asset_liabilities,17881,-0.0,1.0,-1.0682,-0.1517,25.6482
roe,17881,0.0,1.0,-15.0623,0.1001,21.027
asset_turnover,17881,0.0,1.0,-1.5795,-0.0938,23.6218
debt_ratio,17881,0.0,1.0,-13.5396,0.1578,1.6873
debt_ratio2,17881,-0.0,1.0,-1.2451,-0.214,7.4053
roa,17881,0.0,1.0,-7.9862,-0.0778,12.4665
capitalization_ratio,17881,0.0,1.0,-1.7024,-0.0903,2.6071
longtermdebt_invcap,17881,0.0,1.0,-1.506,-0.1183,10.3202
totaldebt_invcap,17881,0.0,1.0,-1.2819,-0.25,6.8131
cash_debt,17881,-0.0,1.0,-10.1973,0.0712,6.9106
debt_ebitda,17881,-0.0,1.0,-14.3661,-0.1146,26.4781
rect_turn,17881,-0.0,1.0,-0.2475,-0.0993,37.8508
