seed,rank_within_seed,feature,importance_gain
35,1,debt_ratio2__mul__rect_turn,20675.50451667607
35,2,leverage_ratio__mul__roe,11105.199329793453
35,3,debt_ratio__mul__roa,9889.402616381645
35,4,asset_turnover__mul__rect_turn,7725.118584692478
35,5,roe__mul__roa,7323.577495217323
35,6,cash_debt__mul__debt_ebitda,6973.438191667199
35,7,asset_turnover__mul__totaldebt_invcap,6889.9545132517815
35,8,roa__mul__longtermdebt_invcap,6085.923551931977
35,9,asset_liabilities__mul__debt_ratio,4677.603305995464
35,10,asset_liabilities__mul__totaldebt_invcap,4417.748927727342
35,11,asset_liabilities__mul__roe,4349.103293776512
35,12,asset_turnover__mul__roa,3864.5776316672564
35,13,roe__mul__asset_turnover,3856.9204378426075
35,14,roe__mul__totaldebt_invcap,3424.1972940564156
35,15,debt_ratio2__mul__roa,3400.445204138756
35,16,capitalization_ratio__mul__longtermdebt_invcap,3180.392174780369
35,17,totaldebt_invcap__mul__cash_debt,3161.785951256752
35,18,roe__mul__capitalization_ratio,2964.7734168320894
35,19,roe__mul__cash_debt,2648.057377770543
35,20,cash_debt__mul__rect_turn,2450.453253418207
35,21,asset_liabilities__mul__debt_ebitda,2418.667812615633
35,22,debt_ratio2__mul__cash_debt,2119.588236451149
35,23,asset_liabilities__mul__asset_turnover,2078.0230525434017
35,24,longtermdebt_invcap__mul__totaldebt_invcap,1892.854956626892
35,25,leverage_ratio__mul__roa,1780.2381482124329
35,26,debt_ratio__mul__cash_debt,1647.7171137183905
35,27,leverage_ratio__mul__cash_debt,1613.8028220683336
35,28,roa__mul__cash_debt,1567.7557919025421
35,29,longtermdebt_invcap__mul__cash_debt,1561.549557581544
35,30,asset_turnover__mul__cash_debt,1559.1217028200626
35,31,roe__mul__debt_ebitda,1494.4086756110191
35,32,roe__mul__debt_ratio2,1452.585021942854
35,33,leverage_ratio__mul__asset_liabilities,1339.8603882491589
35,34,roe__mul__rect_turn,1292.064944818616
42,1,debt_ratio2__mul__rect_turn,20720.573982819915
42,2,leverage_ratio__mul__roe,12156.957582727075
42,3,roe__mul__roa,9608.057252839208
42,4,roe__mul__totaldebt_invcap,9256.018764346838
42,5,cash_debt__mul__debt_ebitda,8134.9465899169445
42,6,debt_ratio__mul__roa,7778.409520059824
42,7,longtermdebt_invcap__mul__totaldebt_invcap,5115.689897567034
42,8,asset_liabilities__mul__roe,4958.131906360388
42,9,asset_turnover__mul__rect_turn,4298.933075234294
42,10,longtermdebt_invcap__mul__rect_turn,4142.7034090310335
42,11,cash_debt__mul__rect_turn,4079.3941567987204
42,12,asset_turnover__mul__cash_debt,4040.2022875100374
42,13,asset_turnover__mul__debt_ratio2,3755.9184295535088
42,14,debt_ebitda__mul__rect_turn,3689.0819870978594
42,15,roa__mul__longtermdebt_invcap,3610.2345689833164
42,16,asset_liabilities__mul__asset_turnover,3461.9344518631697
42,17,asset_liabilities__mul__longtermdebt_invcap,3420.210205152631
42,18,roe__mul__asset_turnover,2883.371084064245
42,19,roe__mul__debt_ebitda,2846.7269494980574
42,20,asset_liabilities__mul__roa,2713.3106918036938
42,21,leverage_ratio__mul__asset_liabilities,2577.9893823713064
42,22,asset_liabilities__mul__rect_turn,2449.685846745968
42,23,roe__mul__cash_debt,2327.3077630996704
42,24,totaldebt_invcap__mul__debt_ebitda,2152.1067289114
42,25,capitalization_ratio__mul__longtermdebt_invcap,2117.821399912238
42,26,roe__mul__debt_ratio2,2031.5540555417538
42,27,asset_liabilities__mul__debt_ratio,2017.9211479276419
42,28,totaldebt_invcap__mul__rect_turn,1959.1583722680807
42,29,leverage_ratio__mul__longtermdebt_invcap,1888.353886961937
42,30,asset_turnover__mul__roa,1846.421007618308
42,31,debt_ratio2__mul__roa,1524.1734060943127
42,32,asset_liabilities__mul__cash_debt,1492.5926494598389
42,33,totaldebt_invcap__mul__cash_debt,1464.8243056833744
42,34,roe__mul__rect_turn,1381.400511264801
55,1,debt_ratio__mul__roa,15832.208945006132
55,2,roe__mul__totaldebt_invcap,13782.494088739157
55,3,asset_turnover__mul__cash_debt,10309.159670263529
55,4,roe__mul__debt_ratio2,8547.490755915642
55,5,asset_turnover__mul__debt_ebitda,6359.822100296617
55,6,asset_liabilities__mul__asset_turnover,6083.179616600275
55,7,leverage_ratio__mul__roa,5407.957589894533
55,8,asset_turnover__mul__debt_ratio2,4647.6951541006565
55,9,asset_turnover__mul__rect_turn,4113.440070971847
55,10,capitalization_ratio__mul__rect_turn,4074.4130939394236
55,11,capitalization_ratio__mul__longtermdebt_invcap,3934.3895196169615
55,12,leverage_ratio__mul__debt_ratio,3722.8929415494204
55,13,roe__mul__cash_debt,3112.890207245946
55,14,leverage_ratio__mul__asset_turnover,3085.7188232690096
55,15,asset_liabilities__mul__capitalization_ratio,2858.9956611692905
55,16,roe__mul__asset_turnover,2637.2322507351637
55,17,roe__mul__debt_ebitda,2609.5728623718023
55,18,longtermdebt_invcap__mul__totaldebt_invcap,2508.871463134885
55,19,asset_turnover__mul__roa,2474.730856001377
55,20,totaldebt_invcap__mul__cash_debt,2198.334277063608
55,21,debt_ratio__mul__cash_debt,2160.9466038048267
55,22,debt_ebitda__mul__rect_turn,2151.4360464066267
55,23,asset_liabilities__mul__debt_ratio,2105.0251017063856
55,24,leverage_ratio__mul__debt_ebitda,2004.1611526459455
55,25,roe__mul__roa,1978.9076533913612
55,26,leverage_ratio__mul__asset_liabilities,1959.228831037879
55,27,leverage_ratio__mul__rect_turn,1910.4213203638792
55,28,asset_liabilities__mul__roa,1742.830165117979
55,29,leverage_ratio__mul__cash_debt,1700.9423210173845
55,30,debt_ratio2__mul__cash_debt,1638.9296036660671
55,31,longtermdebt_invcap__mul__cash_debt,1526.2653684318066
55,32,roe__mul__capitalization_ratio,1438.9786494970322
55,33,asset_liabilities__mul__cash_debt,1419.791527196765
55,34,debt_ratio2__mul__roa,1404.1541655659676
64,1,debt_ratio2__mul__rect_turn,24068.874425530434
64,2,leverage_ratio__mul__roe,14684.289077430964
64,3,roe__mul__roa,9818.968172594905
64,4,roe__mul__totaldebt_invcap,8043.212905347347
64,5,asset_turnover__mul__rect_turn,6255.680553749204
64,6,asset_turnover__mul__debt_ebitda,5579.997559294105
64,7,roe__mul__cash_debt,5073.253760173917
64,8,roe__mul__longtermdebt_invcap,4985.478061050177
64,9,roe__mul__debt_ebitda,4387.208666995168
64,10,roa__mul__debt_ebitda,4231.309516146779
64,11,totaldebt_invcap__mul__rect_turn,4109.883668780327
64,12,asset_turnover__mul__cash_debt,3538.3975540548563
64,13,asset_liabilities__mul__asset_turnover,3198.324482098222
64,14,longtermdebt_invcap__mul__cash_debt,3114.7295176684856
64,15,capitalization_ratio__mul__longtermdebt_invcap,3092.5789164453745
64,16,cash_debt__mul__rect_turn,3075.106160774827
64,17,asset_liabilities__mul__rect_turn,2565.198729276657
64,18,asset_liabilities__mul__debt_ratio,2298.2437418550253
64,19,longtermdebt_invcap__mul__totaldebt_invcap,2190.8552219718695
64,20,asset_turnover__mul__debt_ratio2,2163.8310083299875
64,21,totaldebt_invcap__mul__cash_debt,1989.1527447253466
64,22,asset_turnover__mul__totaldebt_invcap,1915.7265485972166
64,23,roa__mul__rect_turn,1818.6058694422245
64,24,debt_ratio__mul__roa,1796.6589560210705
64,25,asset_turnover__mul__roa,1745.0466416925192
64,26,capitalization_ratio__mul__cash_debt,1641.06366366148
64,27,asset_liabilities__mul__roa,1602.5195171684027
64,28,leverage_ratio__mul__debt_ebitda,1577.59390899539
64,29,roe__mul__rect_turn,1549.5803244560957
64,30,debt_ratio__mul__totaldebt_invcap,1536.5306605249643
64,31,roe__mul__asset_turnover,1486.0370790064335
64,32,debt_ratio2__mul__roa,1276.509154304862
64,33,debt_ratio__mul__debt_ebitda,1210.1008320897818
64,34,roa__mul__totaldebt_invcap,1173.9406701922417
100,1,roe__mul__totaldebt_invcap,16632.461381405592
100,2,asset_turnover__mul__totaldebt_invcap,11426.068589285016
100,3,asset_turnover__mul__cash_debt,7608.297021791339
100,4,roe__mul__roa,7156.436261028051
100,5,asset_turnover__mul__rect_turn,6830.194004222751
100,6,roe__mul__asset_turnover,6597.140007197857
100,7,roe__mul__rect_turn,6380.528957948089
100,8,asset_turnover__mul__roa,5951.456480935216
100,9,roa__mul__cash_debt,4641.952774092555
100,10,asset_turnover__mul__debt_ratio,4611.491951331496
100,11,capitalization_ratio__mul__longtermdebt_invcap,4036.9946259856224
100,12,debt_ebitda__mul__rect_turn,4013.9217846542597
100,13,asset_liabilities__mul__debt_ebitda,3841.2197283655405
100,14,roa__mul__rect_turn,3270.125429302454
100,15,debt_ratio2__mul__rect_turn,3160.023262038827
100,16,asset_turnover__mul__capitalization_ratio,2909.3551110476255
100,17,roe__mul__debt_ebitda,2401.917815923691
100,18,longtermdebt_invcap__mul__totaldebt_invcap,2231.658198401332
100,19,asset_liabilities__mul__asset_turnover,2010.6072551757097
100,20,asset_liabilities__mul__longtermdebt_invcap,1909.4013382941484
100,21,cash_debt__mul__rect_turn,1762.339137017727
100,22,debt_ratio2__mul__cash_debt,1716.5485537946224
100,23,asset_turnover__mul__debt_ratio2,1672.5282039940357
100,24,asset_liabilities__mul__debt_ratio,1509.0668624788523
100,25,totaldebt_invcap__mul__cash_debt,1492.9064229875803
100,26,asset_liabilities__mul__totaldebt_invcap,1325.0021680146456
100,27,totaldebt_invcap__mul__debt_ebitda,1323.875663176179
100,28,asset_liabilities__mul__cash_debt,1219.4815761744976
100,29,leverage_ratio__mul__asset_liabilities,1216.3628895133734
100,30,roa__mul__totaldebt_invcap,1101.794352978468
100,31,capitalization_ratio__mul__rect_turn,1101.1429942548275
100,32,longtermdebt_invcap__mul__rect_turn,1096.5678492188454
100,33,leverage_ratio__mul__roa,1091.2125600725412
100,34,longtermdebt_invcap__mul__debt_ebitda,1064.6578442901373
