SET,DAG,MODEL,FEATURE_KEY,K_EDGE,N_FEAT,AUROC,AUPRC,F1,Brier,ECE
F,GES,FFMLP,00d70da8e9622c65,12.0,12.0,0.6659859883767216,0.0432676738845474,0.09005434827504451,0.021975199338354002,0.00183088986720152
F,GES,FFMLP,050527a740ae0026,3.0,3.0,0.46019244269781645,0.024567915336122202,0.0432166301969365,0.02167060468539326,0.00315532280386806
F,GES,FFMLP,0de4f86da9a59fff,10.0,10.0,0.6661111955475462,0.038164975130473025,0.07978084901897814,0.02179765079999468,0.00234983046725286
F,GES,FFMLP,1b74e3840f4dcb5e,31.0,31.0,0.8087442372133081,0.13542399711535233,0.205540955593916,0.02089758367684878,0.00927516279972798
F,GES,FFMLP,1d7f152d06cd3fe6,1.0,1.0,0.4701120350869575,0.02393143865585316,0.0432166301969365,0.02166768630802786,0.0064240326789885005
F,GES,FFMLP,270cd88962214341,33.0,33.0,0.804766557381795,0.13497627173302787,0.21375841344258079,0.02094755708323082,0.00954683639040392
F,GES,FFMLP,42098d9aa1628d19,18.0,18.0,0.7947934081681394,0.10093366285180234,0.14136964235226132,0.0214405677985813,0.00567452909332726
F,GES,FFMLP,4ef501c58a6274ae,26.0,26.0,0.8062082491984569,0.12779922346213662,0.19803104151903111,0.02103559266726734,0.009084373997898739
F,GES,FFMLP,56570fad43698001,11.0,11.0,0.6669149097857003,0.03808166277059018,0.07781101620695555,0.0219195154273126,0.00207968297684476
F,GES,FFMLP,5f6720543a9e57a0,14.0,14.0,0.7189735906955874,0.0519956475382112,0.10501378417569014,0.02194523211983414,0.00346304773065852
F,GES,FFMLP,69b21fa79c76dd71,22.0,22.0,0.7961989129412106,0.10618082296407608,0.18337475508164708,0.02138611570892324,0.0054464768306949195
F,GES,FFMLP,78535073af7929c5,35.0,35.0,0.8098189924079582,0.1334064362125903,0.20803767704479928,0.02088078740344286,0.00981456632154392
F,GES,FFMLP,82d6016092529b79,6.0,6.0,0.669843165353077,0.045277382506536054,0.047061274924173654,0.0216260277785469,0.00143314044738246
F,GES,FFMLP,84c9d88f2762407d,5.0,5.0,0.4880405439636393,0.020615413349438137,0.04481558524742932,0.02170424838870256,0.0010408029777770797
F,GES,FFMLP,85cfaa789ded5eb5,15.0,15.0,0.7254431103487707,0.057962829921152426,0.09064479123187533,0.02175740368113992,0.0028324823857794603
F,GES,FFMLP,89de563635bcbd2c,8.0,8.0,0.6379757691556115,0.039168421951040824,0.047035516978745265,0.02182007609611582,0.0022618958877015398
F,GES,FFMLP,95736524a3320dfa,20.0,20.0,0.7963349762251124,0.10035268788678872,0.16242540771729397,0.02141748268173006,0.00551803554065868
F,GES,FFMLP,a32e33bf80e29d23,13.0,13.0,0.7097770154373928,0.05222954072294672,0.10749365833893296,0.02181433646052816,0.0025430362085273
F,GES,FFMLP,abf08a8f8a6d539b,25.0,25.0,0.8194273762222174,0.11455903864413872,0.18560177436907915,0.021311256938326962,0.00541129768444628
F,GES,FFMLP,b1013a58f6a863d3,21.0,21.0,0.7920569439317947,0.10077058244556822,0.1702022489705416,0.02131155174496558,0.0059497082445052404
F,GES,FFMLP,b154670abb75bb96,34.0,34.0,0.804241121508855,0.13307225768148412,0.19694886041088983,0.02087610370200446,0.008596314681886019
F,GES,FFMLP,bcd5503e9fd4ef7a,30.0,30.0,0.8067814519689371,0.129842810444105,0.20149851064740437,0.0209664749152473,0.009108638235044661
F,GES,FFMLP,c043e118307ea018,28.0,28.0,0.8131286594147831,0.1356755749126991,0.20269558254683787,0.02093908480695784,0.008869817208728838
F,GES,FFMLP,c8ff01f260326497,24.0,24.0,0.8199093876428485,0.11074155896963167,0.13747962608521153,0.02129921392155232,0.00627508903771576
F,GES,FFMLP,c938b24dda604106,19.0,19.0,0.7924998733453474,0.10017711573595318,0.14687182106266922,0.021440333068793622,0.005150518138747879
F,GES,FFMLP,cf0e758521eb792f,27.0,27.0,0.809075710532601,0.12748585225897288,0.18520550038357816,0.02087189291859966,0.008424852310627982
F,GES,FFMLP,d7b238a88ea0323e,9.0,9.0,0.6630689507928581,0.03872434040058746,0.0789843145538981,0.02181427480484516,0.0025627894405674
F,GES,FFMLP,dace13742e348e7e,29.0,29.0,0.8061583110783015,0.13219284651011087,0.24995498178816633,0.02089636110940734,0.00953329504036118
F,GES,FFMLP,e100ab5953b3e063,7.0,7.0,0.5980314248286543,0.03198456217933972,0.04618863323084762,0.0216665829114661,0.00124704184701628
F,GES,FFMLP,e6c20743d2697131,4.0,4.0,0.5114242496616511,0.02264806096385406,0.0444496948769208,0.021673730036458082,0.00135286455228814
F,GES,FFMLP,e937e198b6c28991,17.0,17.0,0.7216123499142366,0.05946973002458726,0.1217248743586091,0.02198449562398492,0.0035159507113893
F,GES,FFMLP,f1d74ec51da3a8a5,16.0,16.0,0.7294786894500292,0.060198496474702455,0.09937870811248374,0.02162973354000822,0.00254784412650808
F,GES,FFMLP,f3e9e90c8bf117ce,23.0,23.0,0.8210167111767304,0.1137593750419349,0.16789609643647846,0.02129026102832128,0.0047615976455843
F,GES,FFMLP,f8e9eae69271f27d,32.0,32.0,0.8021314168675048,0.13012811919891143,0.22493428154312997,0.020972257709025537,0.009136749172272298
F,GES,FFMLP,ff0397322a3d5d90,2.0,2.0,0.4053900601428664,0.0187693439114648,0.0432166301969365,0.02170200124910678,0.0026972809012355
F,GES,LightGBM,00d70da8e9622c65,12.0,12.0,0.9040015632802831,0.32198940051283276,0.36718563791538233,0.01916667188979318,0.018291986248021457
F,GES,LightGBM,050527a740ae0026,3.0,3.0,0.714913042534251,0.0472457290800051,0.08766989121102717,0.02491808536966952,0.024221124723365177
F,GES,LightGBM,0de4f86da9a59fff,10.0,10.0,0.9051182954454987,0.2947710838264995,0.3333109997893885,0.019526535509471123,0.01843297135994348
F,GES,LightGBM,1b74e3840f4dcb5e,31.0,31.0,0.919038727374051,0.43708882614825695,0.43576907175174096,0.01746746063101656,0.01697102518414318
F,GES,LightGBM,1d7f152d06cd3fe6,1.0,1.0,0.5343849288200853,0.025357648109314002,0.0108695652173913,0.022065405924793,0.0050426586890668
F,GES,LightGBM,270cd88962214341,33.0,33.0,0.9263007432818753,0.4587521759822863,0.4510186817816022,0.01704736450071372,0.016684307450029003
F,GES,LightGBM,42098d9aa1628d19,18.0,18.0,0.9132314306185814,0.38861974820966605,0.41425012809997747,0.01787875545120684,0.017214002845189903
F,GES,LightGBM,4ef501c58a6274ae,26.0,26.0,0.9192971028652901,0.4318749075026659,0.44336417651034177,0.0176007187697488,0.01764129076193782
F,GES,LightGBM,56570fad43698001,11.0,11.0,0.90089960990367,0.31214896071678677,0.33816446506861014,0.01937332189364814,0.01840248524374016
F,GES,LightGBM,5f6720543a9e57a0,14.0,14.0,0.8993363296205427,0.32526186728501316,0.41462111636948107,0.01912409044907288,0.01858797034141986
F,GES,LightGBM,69b21fa79c76dd71,22.0,22.0,0.9249140557714716,0.40773617368575793,0.4263879977141475,0.017950725435872318,0.01767456778699564
F,GES,LightGBM,78535073af7929c5,35.0,35.0,0.9251615751496335,0.4675311260200498,0.45338168713798555,0.016952634067586642,0.01678545672050796
F,GES,LightGBM,82d6016092529b79,6.0,6.0,0.8582575214770104,0.1967007325319497,0.28080984008270937,0.02105057424337352,0.01859916474840462
F,GES,LightGBM,84c9d88f2762407d,5.0,5.0,0.7828158586099833,0.09268019839197418,0.16999083194508108,0.02270080099465472,0.02001286027995084
F,GES,LightGBM,85cfaa789ded5eb5,15.0,15.0,0.905057501212266,0.32957741899048787,0.39003468909764905,0.01902946455447922,0.018102549237026998
F,GES,LightGBM,89de563635bcbd2c,8.0,8.0,0.8948505836970131,0.24379626422315206,0.32598666761335043,0.0204064535782765,0.01882305376562524
F,GES,LightGBM,95736524a3320dfa,20.0,20.0,0.914264208842666,0.3978008769470739,0.43080427437532415,0.0177017053741064,0.0173103182962898
F,GES,LightGBM,a32e33bf80e29d23,13.0,13.0,0.8898719702397754,0.30360054203952325,0.389009887852749,0.01949272289611554,0.01862291000449226
F,GES,LightGBM,abf08a8f8a6d539b,25.0,25.0,0.9174414312699481,0.4274143432859122,0.4551086874195258,0.01749620425793594,0.01757565084323076
F,GES,LightGBM,b1013a58f6a863d3,21.0,21.0,0.9191530784317983,0.40262039229419705,0.4239606226912536,0.01807017428665718,0.01823996156301034
F,GES,LightGBM,b154670abb75bb96,34.0,34.0,0.9277171041680237,0.4679821941524963,0.4527823454793178,0.01689873715108654,0.01683792702363528
F,GES,LightGBM,bcd5503e9fd4ef7a,30.0,30.0,0.9239710214154924,0.4408714396281397,0.443290632755189,0.01747544999417482,0.01742329824592858
F,GES,LightGBM,c043e118307ea018,28.0,28.0,0.9197986552894601,0.44332704564219494,0.43629674929597206,0.017505049333982302,0.01721091942020028
F,GES,LightGBM,c8ff01f260326497,24.0,24.0,0.9153628474860861,0.43371956069771755,0.45588410480626046,0.01742740868578142,0.01718642269811142
F,GES,LightGBM,c938b24dda604106,19.0,19.0,0.9138140420203952,0.3936109333467749,0.4219366524814693,0.01794542457931378,0.01769207970920806
F,GES,LightGBM,cf0e758521eb792f,27.0,27.0,0.916903691802187,0.4408918463845781,0.4452103804484756,0.017527698085711897,0.01735401157084104
F,GES,LightGBM,d7b238a88ea0323e,9.0,9.0,0.90070854231351,0.27663650953682717,0.3254678731533784,0.01965484704052372,0.01816721099323584
F,GES,LightGBM,dace13742e348e7e,29.0,29.0,0.9223838576835949,0.43830686734600277,0.42777381227848166,0.01777099075259152,0.017455859980524
F,GES,LightGBM,e100ab5953b3e063,7.0,7.0,0.897312026402067,0.2364131065730925,0.3288343710984889,0.02068476468497722,0.01912362593540992
F,GES,LightGBM,e6c20743d2697131,4.0,4.0,0.7570691389654848,0.06816276401221638,0.11718549988885336,0.02399828773242824,0.02274581463338712
F,GES,LightGBM,e937e198b6c28991,17.0,17.0,0.915980198449747,0.3648397437742546,0.4154140955760389,0.018644546316785398,0.017975769094683743
F,GES,LightGBM,f1d74ec51da3a8a5,16.0,16.0,0.9178858081652445,0.369393579863904,0.43638369159487844,0.01850949267132648,0.01774626389836824
F,GES,LightGBM,f3e9e90c8bf117ce,23.0,23.0,0.9162928545063724,0.4363077789800629,0.45984728415748044,0.01738168419695496,0.0173355086074064
F,GES,LightGBM,f8e9eae69271f27d,32.0,32.0,0.9252042758610706,0.46108861138097196,0.45479565479565476,0.017031276529828682,0.01649029125705454
F,GES,LightGBM,ff0397322a3d5d90,2.0,2.0,0.698339376569613,0.0501114306489601,0.10344827586206891,0.025859675836889702,0.0242463079471585
F,GES,Logit,00d70da8e9622c65,12.0,12.0,0.5865159838171541,0.0266338080513426,0.0437788018433179,0.0223897351601795,0.0025054604757924
F,GES,Logit,050527a740ae0026,3.0,3.0,0.418608101555319,0.0212766431482192,0.0432166301969365,0.0216279463107767,0.0008405105494543999
F,GES,Logit,0de4f86da9a59fff,10.0,10.0,0.586866998139986,0.0266572423325794,0.043665613329503,0.0223762612033568,0.0023424469130498
F,GES,Logit,1b74e3840f4dcb5e,31.0,31.0,0.7491188454885613,0.0851771869693814,0.1904761904761904,0.0222798778394859,0.0043414659937774
F,GES,Logit,1d7f152d06cd3fe6,1.0,1.0,0.45709302241425476,0.0246702953592727,0.0432166301969365,0.0215954648965881,0.0005158499257508
F,GES,Logit,270cd88962214341,33.0,33.0,0.7507943056068205,0.085062057283874,0.1904761904761904,0.0223306899430951,0.0043610368259247
F,GES,Logit,42098d9aa1628d19,18.0,18.0,0.7237842962705633,0.05319053106628839,0.0930232558139534,0.0225715135332442,0.0039127394181339
F,GES,Logit,4ef501c58a6274ae,26.0,26.0,0.7451491268066384,0.0834852371427312,0.1834061135371179,0.0222859458484118,0.0043010204885927
F,GES,Logit,56570fad43698001,11.0,11.0,0.5866607319915178,0.026641205151763096,0.0437410071942446,0.0223732183185156,0.0023605903563542
F,GES,Logit,5f6720543a9e57a0,14.0,14.0,0.6178865319061163,0.030862888520418696,0.0438166618622081,0.0222812929855195,0.0025418254264015
F,GES,Logit,69b21fa79c76dd71,22.0,22.0,0.727066461124259,0.0559895501574344,0.1305637982195845,0.0228891397168307,0.0044739170091639
F,GES,Logit,78535073af7929c5,35.0,35.0,0.7508015430155388,0.08491659835539,0.1921397379912663,0.0223090798323893,0.0041342205667605
F,GES,Logit,82d6016092529b79,6.0,6.0,0.5602152405352788,0.0258824259316806,0.0439560439560439,0.0216901692643389,0.0012533237638777
F,GES,Logit,84c9d88f2762407d,5.0,5.0,0.5596434852465424,0.0258138155796253,0.0439436619718309,0.0216898008006722,0.0012366145987985
F,GES,Logit,85cfaa789ded5eb5,15.0,15.0,0.627671508493099,0.0328761214320675,0.0443420673769075,0.0223078586486401,0.0027756119622059
F,GES,Logit,89de563635bcbd2c,8.0,8.0,0.5286058579586164,0.0226814332284137,0.0436879432624113,0.0220187103210812,0.0018543204488036002
F,GES,Logit,95736524a3320dfa,20.0,20.0,0.7317273523387686,0.0580739032774371,0.1309523809523809,0.0227248592336762,0.0042469890936455
F,GES,Logit,a32e33bf80e29d23,13.0,13.0,0.6131424104913477,0.0301558985491144,0.0438672438672438,0.0223045130173483,0.0026091918378167
F,GES,Logit,abf08a8f8a6d539b,25.0,25.0,0.741418242612415,0.0594204886751956,0.1363636363636363,0.0227896435773102,0.0043480282245163
F,GES,Logit,b1013a58f6a863d3,21.0,21.0,0.7286007917725138,0.0564789499092889,0.1301775147928994,0.0228843258555612,0.0044551937203713
F,GES,Logit,b154670abb75bb96,34.0,34.0,0.7505011905537341,0.0849497419979128,0.1896551724137931,0.0223416287847422,0.0043863001884728
F,GES,Logit,bcd5503e9fd4ef7a,30.0,30.0,0.7487461189395748,0.0845831825818423,0.1896551724137931,0.0223063747314739,0.0043694128431287
F,GES,Logit,c043e118307ea018,28.0,28.0,0.7483733923905884,0.0841356342191533,0.1904761904761904,0.0223659252959102,0.0044509566006731
F,GES,Logit,c8ff01f260326497,24.0,24.0,0.7347779201134825,0.0584940231661061,0.1407624633431085,0.0228521743514911,0.0044052666115833
F,GES,Logit,c938b24dda604106,19.0,19.0,0.732613934906746,0.057099376393508906,0.1320754716981132,0.0226640725620279,0.0041401712549508
F,GES,Logit,cf0e758521eb792f,27.0,27.0,0.74597781010487,0.0833544876359305,0.1896551724137931,0.022304657715142,0.0044319700492373
F,GES,Logit,d7b238a88ea0323e,9.0,9.0,0.5663525631282976,0.0247254417919293,0.0443686006825938,0.0221434027615016,0.0022170181407825
F,GES,Logit,dace13742e348e7e,29.0,29.0,0.7478486802585201,0.0846040118994,0.1309523809523809,0.022353766261048,0.0044468897029766
F,GES,Logit,e100ab5953b3e063,7.0,7.0,0.5442169485637363,0.0237578605496941,0.0440304826418289,0.021711947592004,0.0013729858824039
F,GES,Logit,e6c20743d2697131,4.0,4.0,0.5709736485948571,0.0279273844324971,0.0438325372295588,0.0217096086706413,0.0012036737977212
F,GES,Logit,e937e198b6c28991,17.0,17.0,0.6273349689877037,0.0326370980348234,0.0443293033966609,0.022378743834394,0.0030078430509545
F,GES,Logit,f1d74ec51da3a8a5,16.0,16.0,0.6277547386933582,0.0330080823904913,0.0443420673769075,0.0223404475776424,0.0027297142679733
F,GES,Logit,f3e9e90c8bf117ce,23.0,23.0,0.7299614246115322,0.0567680112672125,0.1286549707602339,0.0228893360264956,0.0045476548341047
F,GES,Logit,f8e9eae69271f27d,32.0,32.0,0.7492527375498476,0.0847652717023135,0.1896551724137931,0.0222693335301532,0.0040650972375819
F,GES,Logit,ff0397322a3d5d90,2.0,2.0,0.4250313017927061,0.0212276500929621,0.0432166301969365,0.0216321974842016,0.0008645452641843001
F,GES,RF,00d70da8e9622c65,12.0,12.0,0.9028985821916322,0.28702855026595697,0.347771118281746,0.018194180598266642,0.0046474699468828
F,GES,RF,050527a740ae0026,3.0,3.0,0.7044654811791186,0.05405584677065626,0.10015501827295263,0.02230385686329322,0.01564103997763484
F,GES,RF,0de4f86da9a59fff,10.0,10.0,0.9041940783521867,0.2818889175457519,0.3545910300742909,0.01815847850153756,0.0036767123287670803
F,GES,RF,1b74e3840f4dcb5e,31.0,31.0,0.9165986350247156,0.40398024305821795,0.4202072358031216,0.01627274319261946,0.00425529773553252
F,GES,RF,1d7f152d06cd3fe6,1.0,1.0,0.4888884063949742,0.02201592893615624,0.02046389517584012,0.03241095487838968,0.041057198769918854
F,GES,RF,270cd88962214341,33.0,33.0,0.9223740871818255,0.4175419334571545,0.45121886380786014,0.01610343953033262,0.0039472183393905
F,GES,RF,42098d9aa1628d19,18.0,18.0,0.9233218258534714,0.3242628557549797,0.3741937907912251,0.01783514811294378,0.00446832541235666
F,GES,RF,4ef501c58a6274ae,26.0,26.0,0.9210409564959363,0.3929684896809545,0.40649380196599105,0.01653729292703376,0.00453374336035778
F,GES,RF,56570fad43698001,11.0,11.0,0.9088502652510296,0.28855714296272755,0.3509062787722198,0.018156245121610258,0.0043608610567514
F,GES,RF,5f6720543a9e57a0,14.0,14.0,0.9089114213546982,0.26032892256577567,0.33145654759613896,0.0184718711769639,0.0036689963656694998
F,GES,RF,69b21fa79c76dd71,22.0,22.0,0.9240433955026741,0.32563409828826717,0.35629331528686364,0.01765161330724064,0.00373564439474414
F,GES,RF,78535073af7929c5,35.0,35.0,0.9251489096843766,0.41448157925436774,0.43886628000952477,0.01611311870282356,0.00446385239027112
F,GES,RF,82d6016092529b79,6.0,6.0,0.8801810799661289,0.198672410171879,0.3044707607333882,0.019470244562482482,0.00575465473860772
F,GES,RF,84c9d88f2762407d,5.0,5.0,0.7828914895310882,0.08564706168125108,0.18397153485363088,0.021421911098686,0.009266088901313922
F,GES,RF,85cfaa789ded5eb5,15.0,15.0,0.9079137445628966,0.26654653662669886,0.35056780970340023,0.01837479899356998,0.0038998043052837204
F,GES,RF,89de563635bcbd2c,8.0,8.0,0.8972121501617562,0.2494877687986901,0.35490096792205417,0.01849489784735808,0.00540654179480006
F,GES,RF,95736524a3320dfa,20.0,20.0,0.9206005601754349,0.31080388953958943,0.3438223970288322,0.01794093195415146,0.00497467151244054
F,GES,RF,a32e33bf80e29d23,13.0,13.0,0.9035213612118318,0.2736059570541557,0.36035039395198776,0.018248932401453682,0.0040611685770197995
F,GES,RF,abf08a8f8a6d539b,25.0,25.0,0.9239464142258506,0.39907362246736255,0.4034632933208379,0.01649361744478606,0.0040052558009504805
F,GES,RF,b1013a58f6a863d3,21.0,21.0,0.9238823631586947,0.32097687786774004,0.36774359130032735,0.01772364394744194,0.0038831422980150397
F,GES,RF,b154670abb75bb96,34.0,34.0,0.92678420218425,0.41536171783765524,0.43586663362925987,0.01609893519709246,0.00410891808778302
F,GES,RF,bcd5503e9fd4ef7a,30.0,30.0,0.9189507928581252,0.4142860209423775,0.4177519686816038,0.016165824098406438,0.00458272295219452
F,GES,RF,c043e118307ea018,28.0,28.0,0.9237980473471279,0.4023512160651189,0.4070400997767628,0.01628956846519422,0.004288621750069841
F,GES,RF,c8ff01f260326497,24.0,24.0,0.9186757713268342,0.401123043749663,0.39506411321590784,0.01650338697232314,0.0041841766843723205
F,GES,RF,c938b24dda604106,19.0,19.0,0.922280000868489,0.32205563655974967,0.37811807999060104,0.0178093197651663,0.00443377131674584
F,GES,RF,cf0e758521eb792f,27.0,27.0,0.9146803598439615,0.3988445233236709,0.4044746236025647,0.016436982051998818,0.00408207995526974
F,GES,RF,d7b238a88ea0323e,9.0,9.0,0.90993117224309,0.2857768590111186,0.35585808992998824,0.01804363947441984,0.004782219737209921
F,GES,RF,dace13742e348e7e,29.0,29.0,0.9203143206606306,0.4037416850768012,0.39083940584064475,0.01628852423818836,0.00360257198769916
F,GES,RF,e100ab5953b3e063,7.0,7.0,0.8948299570821664,0.24393413722995919,0.3498005244658285,0.01863176561364268,0.0053360916969527
F,GES,RF,e6c20743d2697131,4.0,4.0,0.7300754137988434,0.062203262204870526,0.1103468445684713,0.02256309510763204,0.01773184232597144
F,GES,RF,e937e198b6c28991,17.0,17.0,0.9187267950582972,0.2831542551447924,0.3166707991726707,0.01831654324853224,0.00419949678501532
F,GES,RF,f1d74ec51da3a8a5,16.0,16.0,0.9192326899276984,0.2824334102593299,0.3266696357824434,0.01825554554095608,0.00469466032988534
F,GES,RF,f3e9e90c8bf117ce,23.0,23.0,0.9202466508891156,0.3983247771181964,0.3936505146570105,0.0164990832541235,0.0037633771316745194
F,GES,RF,f8e9eae69271f27d,32.0,32.0,0.9209342047173429,0.41883474686058236,0.42877127616908634,0.01609526306961136,0.0037619233994967403
F,GES,RF,ff0397322a3d5d90,2.0,2.0,0.6331140398491725,0.0417034673515328,0.0727182503735174,0.023464437908862122,0.022476712328767058
F,GES,XGBoost,00d70da8e9622c65,12.0,12.0,0.9110754065614348,0.28540717917005776,0.3485744779012112,0.018422335658876722,0.00992434418239246
F,GES,XGBoost,050527a740ae0026,3.0,3.0,0.7715110261921823,0.07594244582262297,0.11335568609334412,0.02164635980620428,0.00917843921651066
F,GES,XGBoost,0de4f86da9a59fff,10.0,10.0,0.9124823588162496,0.2739342819995089,0.35184911321349216,0.01866514233740016,0.01086221760095122
F,GES,XGBoost,1b74e3840f4dcb5e,31.0,31.0,0.9269535575482554,0.43200682937447593,0.4078866089687687,0.01647236631700284,0.01140852148584998
F,GES,XGBoost,1d7f152d06cd3fe6,1.0,1.0,0.5332453988174074,0.02525153827832622,0.04833510097358646,0.021858853992173122,0.0037726093002385997
F,GES,XGBoost,270cd88962214341,33.0,33.0,0.9356167357839199,0.4418246090608745,0.4093389008540106,0.016231437518820717,0.012168668427793319
F,GES,XGBoost,42098d9aa1628d19,18.0,18.0,0.9319603968994941,0.3594619509704788,0.4016476359939249,0.01754893903185338,0.0109710988222689
F,GES,XGBoost,4ef501c58a6274ae,26.0,26.0,0.9297005160272416,0.4125138830781151,0.4116224329913889,0.016771789697711738,0.0115327581564479
F,GES,XGBoost,56570fad43698001,11.0,11.0,0.9111796252469766,0.2734230776147929,0.35642121529170606,0.01861397000565404,0.01024179009180164
F,GES,XGBoost,5f6720543a9e57a0,14.0,14.0,0.9086523221225873,0.31436925422462464,0.37136394097072906,0.01815152573248398,0.01166775866225722
F,GES,XGBoost,69b21fa79c76dd71,22.0,22.0,0.9332595117644079,0.3914714146957689,0.41137095347150454,0.01707040409713076,0.01160974387675186
F,GES,XGBoost,78535073af7929c5,35.0,35.0,0.9328621780257796,0.438742338321909,0.41425040214757436,0.01627873470129318,0.01188794673824832
F,GES,XGBoost,82d6016092529b79,6.0,6.0,0.8924817798235519,0.20759977983747363,0.2890006169353995,0.01984802549389502,0.00892376321346304
F,GES,XGBoost,84c9d88f2762407d,5.0,5.0,0.8210597737586035,0.11836965808956017,0.2032606958417634,0.021119318335880037,0.00822678345000654
F,GES,XGBoost,85cfaa789ded5eb5,15.0,15.0,0.9096395046717474,0.31139593774082075,0.36996706192358364,0.0183358986215914,0.01155287762314936
F,GES,XGBoost,89de563635bcbd2c,8.0,8.0,0.9105119742927241,0.2714605833765345,0.3342153043823609,0.018596118259300583,0.00873371770090962
F,GES,XGBoost,95736524a3320dfa,20.0,20.0,0.9314118013186559,0.37945882470541237,0.4010776168609443,0.01725492235763562,0.01153765993449506
F,GES,XGBoost,a32e33bf80e29d23,13.0,13.0,0.9073807094108025,0.31664025104801585,0.3834982103869232,0.01801504513247012,0.01075079511184016
F,GES,XGBoost,abf08a8f8a6d539b,25.0,25.0,0.9315956315000976,0.40983643535537045,0.42164180913300175,0.01679867997556802,0.011921340157232261
F,GES,XGBoost,b1013a58f6a863d3,21.0,21.0,0.9313430459358332,0.3868497329228894,0.4049656181096343,0.01717752342071818,0.01196410532284138
F,GES,XGBoost,b154670abb75bb96,34.0,34.0,0.9334520268363115,0.4416427829563506,0.39553835767038714,0.01623333346256778,0.0116147724122276
F,GES,XGBoost,bcd5503e9fd4ef7a,30.0,30.0,0.9290422737043229,0.4342937357726847,0.39525708596362497,0.01642606699732896,0.0115992326443811
F,GES,XGBoost,c043e118307ea018,28.0,28.0,0.9297479210543458,0.426689212791988,0.39893090942468046,0.016535900316856637,0.01184533640607166
F,GES,XGBoost,c8ff01f260326497,24.0,24.0,0.9320790904024723,0.415156789631268,0.4211794494580454,0.016752798658568418,0.01148509296436544
F,GES,XGBoost,c938b24dda604106,19.0,19.0,0.9312113250971622,0.38027695333903333,0.40214910436464557,0.017226244724246158,0.011189933057349999
F,GES,XGBoost,cf0e758521eb792f,27.0,27.0,0.9291407024628902,0.4190649759462991,0.4168256434543808,0.01657701425964844,0.01164781983304156
F,GES,XGBoost,d7b238a88ea0323e,9.0,9.0,0.9137836449037786,0.27639485141102577,0.36629204790982073,0.01850178263224686,0.01010939609998794
F,GES,XGBoost,dace13742e348e7e,29.0,29.0,0.9316882703316903,0.42442744425421364,0.39252055104975836,0.01657354751034688,0.01243996798724238
F,GES,XGBoost,e100ab5953b3e063,7.0,7.0,0.9062831563786901,0.26553873686815105,0.32813950192920444,0.018607339910569058,0.00932538904388178
F,GES,XGBoost,e6c20743d2697131,4.0,4.0,0.7838645591332479,0.07788719093628524,0.13032718628546602,0.02184649854394538,0.01166974869961586
F,GES,XGBoost,e937e198b6c28991,17.0,17.0,0.9332153635712268,0.3401599390942772,0.38554611165595143,0.01795599638312958,0.01177473999516914
F,GES,XGBoost,f1d74ec51da3a8a5,16.0,16.0,0.9318062400937969,0.3401177420986749,0.3633034456285129,0.0181004207032028,0.012145505184312861
F,GES,XGBoost,f3e9e90c8bf117ce,23.0,23.0,0.9298521397398876,0.4145291029873709,0.42812796933085623,0.01670011019823922,0.01194112181783534
F,GES,XGBoost,f8e9eae69271f27d,32.0,32.0,0.9332327333521506,0.44159822486415734,0.4001210960125925,0.01627425842046894,0.011991639853644358
F,GES,XGBoost,ff0397322a3d5d90,2.0,2.0,0.6851890049286753,0.05179057382410792,0.09663348484405095,0.02173867493673812,0.0058893332845247805
F,GOLEM,FFMLP,0511ae592ab833b7,11.0,11.0,0.7281860882529619,0.05677358206855386,0.061193826955864186,0.0214363393160058,0.0015705917168044598
F,GOLEM,FFMLP,06292a569571a05e,15.0,15.0,0.7478899334882139,0.06723468432942886,0.11513003404977988,0.02129468160407024,0.00262045109264916
F,GOLEM,FFMLP,0dab5d0cf7d47bc3,9.0,9.0,0.7334078786431306,0.047569835567935606,0.07156242074645816,0.02153190175016674,0.00214311957478034
F,GOLEM,FFMLP,1049748cd586d498,20.0,20.0,0.7544926214618118,0.07273229835973696,0.12169170049917577,0.02133851014565074,0.00274299943415032
F,GOLEM,FFMLP,140b79aa06813104,2.0,2.0,0.41234412430973205,0.01805446445983502,0.0357601495344879,0.021736382187375,0.00545461310476252
F,GOLEM,FFMLP,1d74dd8a956d56e1,19.0,19.0,0.7457523648232985,0.06763211173202846,0.09946307898780297,0.021327062662962783,0.0023970908313772203
F,GOLEM,FFMLP,3a806dc9661ea3e8,17.0,17.0,0.7461978273299028,0.06980735024012827,0.11241597372513501,0.02130193336789102,0.0036861038354644403
F,GOLEM,FFMLP,40021117058bf5f8,14.0,14.0,0.7429055301040016,0.06516913684543178,0.09869781572339989,0.021211584675158178,0.0014152323365261
F,GOLEM,FFMLP,5932bb55e9f26353,3.0,3.0,0.41695109682929116,0.01847537619137642,0.02596550860039514,0.02171377541671588,0.00520850691141394
F,GOLEM,FFMLP,5d44aec594d57af8,1.0,1.0,0.4510309688719051,0.01962486437058598,0.026175557566325242,0.02166625038378802,0.00431861892917448
F,GOLEM,FFMLP,688de5612780ce0a,8.0,8.0,0.6093644831404564,0.03635787015757676,0.050218681699801405,0.02160088883985046,0.0020026379934287
F,GOLEM,FFMLP,6e8b26da04cb79b4,7.0,7.0,0.5637807499402914,0.03059463915920086,0.04887322735997512,0.02165414295460422,0.00352065981482116
F,GOLEM,FFMLP,6f2d862936d8ad71,24.0,24.0,0.766685483929334,0.0834922519367638,0.1351110575001068,0.02119831810277138,0.00494566290273002
F,GOLEM,FFMLP,710761342f601788,25.0,25.0,0.7702231293107815,0.08654959822752128,0.1532283610633008,0.021330648437114498,0.0040639838564652
F,GOLEM,FFMLP,7f59bd501c3dbaab,10.0,10.0,0.7244436242047897,0.050104105996103224,0.07985343735463399,0.02142613096233634,0.00217575639567542
F,GOLEM,FFMLP,823207e695be1ff0,18.0,18.0,0.748872773592143,0.07102609360808906,0.11424345992741718,0.02125713387946632,0.00222459801701578
F,GOLEM,FFMLP,9147b30f4345a55a,22.0,22.0,0.763140601139168,0.07923873543976649,0.1258076106385833,0.02127854759450384,0.0030912244886676004
F,GOLEM,FFMLP,96fce1d1ba2fa699,12.0,12.0,0.7380506763358448,0.06166299443485036,0.07613300441875877,0.02136656805104578,0.0021283013434226
F,GOLEM,FFMLP,9dd66c347bd7a388,26.0,26.0,0.7736073416274036,0.08694942976652198,0.1220940333978316,0.02126931432378208,0.00410443578047692
F,GOLEM,FFMLP,b5a36bb5b1ae7ab4,6.0,6.0,0.4674598866621794,0.02053777404411402,0.03752231835057484,0.02168359133339752,0.00441246636124382
F,GOLEM,FFMLP,b7b5c4109c72032c,16.0,16.0,0.7409991966476323,0.06414441621576364,0.10036893302775654,0.021381150668184662,0.00200985176366382
F,GOLEM,FFMLP,d48478f1798435b8,23.0,23.0,0.7574447604779585,0.07544159650979676,0.14107437594403607,0.02130777412161212,0.0038778137219853204
F,GOLEM,FFMLP,d91dafb8999ed110,5.0,5.0,0.5200914084721107,0.023589056687910122,0.0432837113973682,0.02166498211990092,0.0037265105678618597
F,GOLEM,FFMLP,d9428be70001da5d,21.0,21.0,0.7626846443899227,0.07908102325609431,0.12588439369974525,0.021350519707708702,0.0039965144452566
F,GOLEM,FFMLP,da2acca4fb88b2aa,13.0,13.0,0.7434989976188925,0.06504379559344882,0.07657017809423065,0.021381770538175922,0.0021168358450057803
F,GOLEM,FFMLP,fe6d7575b1d442f2,4.0,4.0,0.4189554971737919,0.01825140321792344,0.03848395883434988,0.02171317757414326,0.00470278309405614
F,GOLEM,LightGBM,0511ae592ab833b7,11.0,11.0,0.893505149416303,0.28254946986015933,0.3443152882433242,0.02022176262018572,0.01975432924256192
F,GOLEM,LightGBM,06292a569571a05e,15.0,15.0,0.8873779591954897,0.3106182591827841,0.35076210641949235,0.01944917558661472,0.0187536220889367
F,GOLEM,LightGBM,0dab5d0cf7d47bc3,9.0,9.0,0.8884259359778823,0.28430663936402856,0.3551629989495888,0.020525341297088058,0.020015547046257902
F,GOLEM,LightGBM,1049748cd586d498,20.0,20.0,0.878954339188397,0.3241886434943064,0.3570314460614578,0.019144653077896957,0.01858157452885162
F,GOLEM,LightGBM,140b79aa06813104,2.0,2.0,0.7332291146477916,0.0439337512545468,0.0902679830747531,0.027189223901654604,0.027036298025391696
F,GOLEM,LightGBM,1d74dd8a956d56e1,19.0,19.0,0.8788204471271106,0.33388020885653846,0.3726434567221687,0.01893875922559492,0.01806792313372072
F,GOLEM,LightGBM,3a806dc9661ea3e8,17.0,17.0,0.8826917370504666,0.3358989889513443,0.3936283073093342,0.01888486178234686,0.018037726878268483
F,GOLEM,LightGBM,40021117058bf5f8,14.0,14.0,0.8844981942665248,0.3091853054850543,0.36841551081632085,0.01964169412819424,0.01885661695151972
F,GOLEM,LightGBM,5932bb55e9f26353,3.0,3.0,0.7565719289865457,0.06461874172801749,0.1138387958311438,0.02309379768100182,0.01927873006042586
F,GOLEM,LightGBM,5d44aec594d57af8,1.0,1.0,0.5568227051986305,0.026992030412255296,0.0399113082039911,0.0218993210048681,0.0035745612631619
F,GOLEM,LightGBM,688de5612780ce0a,8.0,8.0,0.8937968169876458,0.25424988465094556,0.3394784700234378,0.02006363342954684,0.01884215090702546
F,GOLEM,LightGBM,6e8b26da04cb79b4,7.0,7.0,0.8890874351347243,0.2530308162641926,0.3434145534596393,0.0199389017535266,0.018342541275032858
F,GOLEM,LightGBM,6f2d862936d8ad71,24.0,24.0,0.8863039277417114,0.3460659774263721,0.37655767398798845,0.019159044615926303,0.01866535603088742
F,GOLEM,LightGBM,710761342f601788,25.0,25.0,0.8885692366705025,0.3501697984457267,0.3862948877052918,0.01903388939005568,0.018803422503187
F,GOLEM,LightGBM,7f59bd501c3dbaab,10.0,10.0,0.8947304427122912,0.27196716233585566,0.3560014863516117,0.020281889221875078,0.01946718407531616
F,GOLEM,LightGBM,823207e695be1ff0,18.0,18.0,0.8827011456818001,0.33668224097621946,0.37033655644136887,0.0188736264457537,0.018168293312235358
F,GOLEM,LightGBM,9147b30f4345a55a,22.0,22.0,0.877536530820505,0.341085771933069,0.37990674116377676,0.01886351407864854,0.018174864678141937
F,GOLEM,LightGBM,96fce1d1ba2fa699,12.0,12.0,0.8917797511778882,0.301399659371577,0.3803884420909508,0.020037928512329918,0.01954644544627712
F,GOLEM,LightGBM,9dd66c347bd7a388,26.0,26.0,0.8886633229838388,0.34724132966328386,0.37949118094726,0.01909787146343682,0.01904363394770492
F,GOLEM,LightGBM,b5a36bb5b1ae7ab4,6.0,6.0,0.8946124729501849,0.2567208133897886,0.3190186805571421,0.0195619792247466,0.017900300104145
F,GOLEM,LightGBM,b7b5c4109c72032c,16.0,16.0,0.8858899479630313,0.3135295279783849,0.3966215839978313,0.01963081377375328,0.01915727141959912
F,GOLEM,LightGBM,d48478f1798435b8,23.0,23.0,0.8905124809113344,0.34565315575278605,0.3738905950243319,0.019196429743722782,0.01864811152615108
F,GOLEM,LightGBM,d91dafb8999ed110,5.0,5.0,0.8630124990048562,0.16627127372558992,0.2511637779455377,0.022228800708338138,0.02073340827427058
F,GOLEM,LightGBM,d9428be70001da5d,21.0,21.0,0.8778788602528751,0.3409335747462158,0.387440736220644,0.01898897099257386,0.01824883742245162
F,GOLEM,LightGBM,da2acca4fb88b2aa,13.0,13.0,0.8940067018404729,0.31056087541126287,0.37062574954643035,0.019715687331886,0.01907154301100364
F,GOLEM,LightGBM,fe6d7575b1d442f2,4.0,4.0,0.8045570343994036,0.1169332539589956,0.18778237608407555,0.02201508411636994,0.01902536630469402
F,GOLEM,Logit,0511ae592ab833b7,11.0,11.0,0.5829008981624219,0.0271741001455671,0.0490196078431372,0.0219132563199072,0.0024991707454047
F,GOLEM,Logit,06292a569571a05e,15.0,15.0,0.7068125728264253,0.0490757063210136,0.086092715231788,0.0220553313511629,0.0039965436206104
F,GOLEM,Logit,0dab5d0cf7d47bc3,9.0,9.0,0.610417526108952,0.0299145867187461,0.0441051738761662,0.0218415059393422,0.0020484187822779
F,GOLEM,Logit,1049748cd586d498,20.0,20.0,0.716242916386217,0.0520953012865966,0.0858085808580858,0.0220380677976666,0.0031563221395868
F,GOLEM,Logit,140b79aa06813104,2.0,2.0,0.426019208082738,0.0214898670964054,0.0432166301969365,0.0216310600080461,0.0008684389047340001
F,GOLEM,Logit,1d74dd8a956d56e1,19.0,19.0,0.7110898813788712,0.050537823589275596,0.0797342192691029,0.0220159574229122,0.0034392225414072
F,GOLEM,Logit,3a806dc9661ea3e8,17.0,17.0,0.710489176455262,0.049779594150937,0.0794701986754966,0.0220006641399773,0.0040588033694131
F,GOLEM,Logit,40021117058bf5f8,14.0,14.0,0.7057993356058798,0.048883725470241,0.11811023622047241,0.0220636048206612,0.0039955292644488
F,GOLEM,Logit,5932bb55e9f26353,3.0,3.0,0.42393845307626055,0.0205439450646009,0.0432521215439364,0.0216363875962013,0.0009115714693227001
F,GOLEM,Logit,5d44aec594d57af8,1.0,1.0,0.4218757915915785,0.0210496100421798,0.0432166301969365,0.0216102995698436,0.0007808110051723
F,GOLEM,Logit,688de5612780ce0a,8.0,8.0,0.5379348777963538,0.0231891251363792,0.0439684329199549,0.0218006419918214,0.0016366909532086998
F,GOLEM,Logit,6e8b26da04cb79b4,7.0,7.0,0.3832786908975111,0.01848467637983,0.0434662998624484,0.021688286492187,0.0011833562105113
F,GOLEM,Logit,6f2d862936d8ad71,24.0,24.0,0.7361457903612191,0.060446909954132,0.130346232179226,0.0220462207546449,0.0042006137135728
F,GOLEM,Logit,710761342f601788,25.0,25.0,0.7401589334954513,0.0626204618449877,0.1451612903225806,0.0219759808549895,0.0036100316889673004
F,GOLEM,Logit,7f59bd501c3dbaab,10.0,10.0,0.5896823501313591,0.0271839628963152,0.0442302239863907,0.0218539878740174,0.0020366147646437
F,GOLEM,Logit,823207e695be1ff0,18.0,18.0,0.7111043561963075,0.050462341824915005,0.0797342192691029,0.0220098268724585,0.0034496638132762
F,GOLEM,Logit,9147b30f4345a55a,22.0,22.0,0.7350637977578508,0.0598337692107229,0.1295546558704453,0.0221151182535762,0.0040944932492668
F,GOLEM,Logit,96fce1d1ba2fa699,12.0,12.0,0.7037258180081204,0.0473915007986222,0.0830188679245283,0.0216852694024975,0.0033923639921012
F,GOLEM,Logit,9dd66c347bd7a388,26.0,26.0,0.7414182426124151,0.0635217988215824,0.1477045908183632,0.0219702953488463,0.0034885762175133
F,GOLEM,Logit,b5a36bb5b1ae7ab4,6.0,6.0,0.3812775473869336,0.0182323764553285,0.0434782608695652,0.021691155004195,0.0011752843175406
F,GOLEM,Logit,b7b5c4109c72032c,16.0,16.0,0.7080429323085162,0.0490817911960439,0.0858085808580858,0.0220450870036037,0.004301766302144
F,GOLEM,Logit,d48478f1798435b8,23.0,23.0,0.7355487041419689,0.06015653883831899,0.130346232179226,0.0220504810429509,0.0041280298570592
F,GOLEM,Logit,d91dafb8999ed110,5.0,5.0,0.35492976094839,0.0187425847683615,0.0433470507544581,0.021667698222777,0.0009575372750339
F,GOLEM,Logit,d9428be70001da5d,21.0,21.0,0.7341048411026916,0.05842692152976579,0.1277445109780439,0.0220493386380666,0.0039211387932555
F,GOLEM,Logit,da2acca4fb88b2aa,13.0,13.0,0.7044785085148113,0.0491225024793081,0.0785714285714285,0.0221159365317305,0.0039435209359046
F,GOLEM,Logit,fe6d7575b1d442f2,4.0,4.0,0.4223027987059512,0.0207166507006483,0.0432639649507119,0.0216512180055247,0.0010023296220359
F,GOLEM,RF,0511ae592ab833b7,11.0,11.0,0.8952971318149249,0.27455459139357136,0.3752928664228332,0.018244354487000243,0.00373564439474416
F,GOLEM,RF,06292a569571a05e,15.0,15.0,0.8927571632252789,0.26978508342823687,0.3394980018511701,0.018315662734134718,0.00468135308918082
F,GOLEM,RF,0dab5d0cf7d47bc3,9.0,9.0,0.886814888797215,0.26798538570867964,0.34816742017924496,0.018416067989935638,0.00484897959183668
F,GOLEM,RF,1049748cd586d498,20.0,20.0,0.8948896657040913,0.26287780974089725,0.32270492188432387,0.0184513234554095,0.00439586245457084
F,GOLEM,RF,140b79aa06813104,2.0,2.0,0.681032922972259,0.04079680632035534,0.0916289408133922,0.02378451081912212,0.02124596030192896
F,GOLEM,RF,1d74dd8a956d56e1,19.0,19.0,0.8954487555275709,0.26627766041981454,0.3180444743294344,0.01840521397819398,0.0040088342186189
F,GOLEM,RF,3a806dc9661ea3e8,17.0,17.0,0.8946841232964949,0.2614517572730941,0.31705479091924654,0.018499223707017,0.00518535085266978
F,GOLEM,RF,40021117058bf5f8,14.0,14.0,0.8963964941992169,0.26984464186755186,0.3590021067699561,0.01830309287112102,0.0034806821358680006
F,GOLEM,RF,5932bb55e9f26353,3.0,3.0,0.7536371597513225,0.07051249553445489,0.0808709766833263,0.021524360525580037,0.009514677103718141
F,GOLEM,RF,5d44aec594d57af8,1.0,1.0,0.5023463679064347,0.021724310940784818,0.0044280442804428,0.03402283097567792,0.04289013139502374
F,GOLEM,RF,688de5612780ce0a,8.0,8.0,0.8912224707065881,0.2527763961556703,0.3503087875466392,0.01853525278166056,0.005730947721554321
F,GOLEM,RF,6e8b26da04cb79b4,7.0,7.0,0.8895835595023558,0.2731108290119045,0.34445453534623127,0.018332568968409242,0.0039882583170253606
F,GOLEM,RF,6f2d862936d8ad71,24.0,24.0,0.8931780185422411,0.30947357053340574,0.35444954749168467,0.01772484786133626,0.0029343024881184803
F,GOLEM,RF,710761342f601788,25.0,25.0,0.8949718102930426,0.3238942214675139,0.37438703588740274,0.01749491372658648,0.0042172770478053805
F,GOLEM,RF,7f59bd501c3dbaab,10.0,10.0,0.8941612205166063,0.27126097476457744,0.35300504067782434,0.01830113793681852,0.00397819401733292
F,GOLEM,RF,823207e695be1ff0,18.0,18.0,0.8913552771565669,0.26298878248053426,0.3168280804856199,0.01844768621750064,0.00429846239865804
F,GOLEM,RF,9147b30f4345a55a,22.0,22.0,0.8982304535684044,0.27460901594646137,0.33813558945272276,0.01828147005870836,0.0034121330724070005
F,GOLEM,RF,96fce1d1ba2fa699,12.0,12.0,0.8943034355979185,0.27523102057723225,0.3288872660561958,0.018229343472183322,0.0045293821638243805
F,GOLEM,RF,9dd66c347bd7a388,26.0,26.0,0.8972454422418596,0.32569830632656316,0.3822264367502613,0.01750028381325128,0.00457031031590714
F,GOLEM,RF,b5a36bb5b1ae7ab4,6.0,6.0,0.8789391406300888,0.2815340373010843,0.33420364956146503,0.018337055185909938,0.00543628739166894
F,GOLEM,RF,b7b5c4109c72032c,16.0,16.0,0.8980013895824739,0.2582498561847856,0.3150353253348733,0.018585812915851242,0.0039487838971204395
F,GOLEM,RF,d48478f1798435b8,23.0,23.0,0.8949768764791454,0.30664704840652657,0.36714694859920305,0.01772669387755098,0.00345563321218892
F,GOLEM,RF,d91dafb8999ed110,5.0,5.0,0.8711346809388367,0.19896006787645393,0.2539980739360305,0.01982766922001672,0.00916723511322332
F,GOLEM,RF,d9428be70001da5d,21.0,21.0,0.8933216811052971,0.2709876866810287,0.31507335202987374,0.018336872910259937,0.0035792004473021596
F,GOLEM,RF,da2acca4fb88b2aa,13.0,13.0,0.8918343936137105,0.2680242516481115,0.35585955379917467,0.01835834274531724,0.00494045289348612
F,GOLEM,RF,fe6d7575b1d442f2,4.0,4.0,0.8019971629357825,0.12156297547771237,0.17355554039113247,0.020848037573385457,0.00952105116019006
F,GOLEM,XGBoost,0511ae592ab833b7,11.0,11.0,0.8993638317736717,0.29890753190229724,0.36355351640600553,0.01823419839611868,0.01079182320633448
F,GOLEM,XGBoost,06292a569571a05e,15.0,15.0,0.8816929746473573,0.3143786454940858,0.3397185720499466,0.0181074027381008,0.0115099692985109
F,GOLEM,XGBoost,0dab5d0cf7d47bc3,9.0,9.0,0.8970283199803143,0.3172436504473991,0.37209319862939305,0.01810473961720068,0.01059557892713322
F,GOLEM,XGBoost,1049748cd586d498,20.0,20.0,0.8841927756186175,0.3209925846535856,0.37843243213558053,0.01807371352975754,0.01229398298458192
F,GOLEM,XGBoost,140b79aa06813104,2.0,2.0,0.7070050878983289,0.04977995844789968,0.0893446895608688,0.02184438226082408,0.00895594479050092
F,GOLEM,XGBoost,1d74dd8a956d56e1,19.0,19.0,0.8816799473116645,0.3228831785075844,0.37187528415521187,0.01808282252695282,0.01178544341602928
F,GOLEM,XGBoost,3a806dc9661ea3e8,17.0,17.0,0.8827966794768802,0.31200791789558713,0.3507679796287726,0.01817441820793328,0.01196137358992192
F,GOLEM,XGBoost,40021117058bf5f8,14.0,14.0,0.8840762533382549,0.30517586781169903,0.33924654661309256,0.018210610829141098,0.01160771397686034
F,GOLEM,XGBoost,5932bb55e9f26353,3.0,3.0,0.8046623386962531,0.0860189384953018,0.16370668176226347,0.02147961318074936,0.0102020166739342
F,GOLEM,XGBoost,5d44aec594d57af8,1.0,1.0,0.5682762663655904,0.030356895732968243,0.047423675389770444,0.02171221177860608,0.0029361896695939
F,GOLEM,XGBoost,688de5612780ce0a,8.0,8.0,0.9055087536458446,0.2780858340452276,0.327581150977948,0.01845753805123406,0.009280553591240501
F,GOLEM,XGBoost,6e8b26da04cb79b4,7.0,7.0,0.905642645707131,0.28006794077935926,0.3177788831237107,0.01855748327905114,0.009524241479638
F,GOLEM,XGBoost,6f2d862936d8ad71,24.0,24.0,0.8853804343892712,0.33624839679423935,0.3776938812506333,0.017917242455977738,0.01249285619899884
F,GOLEM,XGBoost,710761342f601788,25.0,25.0,0.8829544549869365,0.34164554188095364,0.3955639653927009,0.0177582209425798,0.0123384806592572
F,GOLEM,XGBoost,7f59bd501c3dbaab,10.0,10.0,0.8981566319994789,0.2956195666111411,0.3636139708745868,0.01831188289123658,0.01073485092765824
F,GOLEM,XGBoost,823207e695be1ff0,18.0,18.0,0.8839807195431748,0.3223125347864316,0.35906928407683225,0.01807002133078554,0.01230495194529576
F,GOLEM,XGBoost,9147b30f4345a55a,22.0,22.0,0.8851669308320849,0.3289577140480319,0.38742416666856055,0.017918717050675558,0.01218839112112304
F,GOLEM,XGBoost,96fce1d1ba2fa699,12.0,12.0,0.891068313900891,0.30710512193238737,0.36389902657327455,0.01810753529100172,0.01107847290504112
F,GOLEM,XGBoost,9dd66c347bd7a388,26.0,26.0,0.8819390465437754,0.3280691621625119,0.38438603493554824,0.018075347177453637,0.01250772280017102
F,GOLEM,XGBoost,b5a36bb5b1ae7ab4,6.0,6.0,0.9004845445136823,0.27606945803554045,0.3164066810344629,0.01872627454960944,0.0103628331639897
F,GOLEM,XGBoost,b7b5c4109c72032c,16.0,16.0,0.8826598924521065,0.3060430464197704,0.33148963706526435,0.018414659335715722,0.0125972468180356
F,GOLEM,XGBoost,d48478f1798435b8,23.0,23.0,0.886894500293115,0.3303135854923739,0.38788660362151306,0.0179899685776627,0.01254671635800074
F,GOLEM,XGBoost,d91dafb8999ed110,5.0,5.0,0.8905949873707218,0.19730983325852394,0.265848861486237,0.02032540484744854,0.00991879284060574
F,GOLEM,XGBoost,d9428be70001da5d,21.0,21.0,0.8859109364483141,0.33418141370884513,0.3917167610068616,0.01782420320809858,0.012106639315442619
F,GOLEM,XGBoost,da2acca4fb88b2aa,13.0,13.0,0.8882601993182361,0.296808538708368,0.342867066074595,0.01826025016794314,0.01195676284836982
F,GOLEM,XGBoost,fe6d7575b1d442f2,4.0,4.0,0.8334574548928501,0.14180647257128248,0.1864058123480327,0.0208893661806072,0.01018105326566672
F,NOTEARS,FFMLP,1beaf69a6726221e,14.0,14.0,0.7561662722278916,0.07042467709564422,0.1381513467837953,0.02121366662128986,0.0038373857020065003
F,NOTEARS,FFMLP,2bdae9aac38d646c,11.0,11.0,0.7422396885019287,0.06016697422746316,0.13322075796503313,0.02127135475926062,0.00156597077319546
F,NOTEARS,FFMLP,2e09a38d203e2519,16.0,16.0,0.7534388547524443,0.06955969230769368,0.13108837693176884,0.02133465368175954,0.0036613271595388602
F,NOTEARS,FFMLP,35c436b9acad27fc,12.0,12.0,0.748857575033835,0.06749403040701454,0.127605330413259,0.02126117187890892,0.0023846337954475
F,NOTEARS,FFMLP,4219c68b6a956822,6.0,6.0,0.7133247931910459,0.04881623325812928,0.09484916340672346,0.0214521729763687,0.00204835360974426
F,NOTEARS,FFMLP,47b1e5f94b9b1a02,10.0,10.0,0.734198927416028,0.05830896345356488,0.12452404491998836,0.0214397313772851,0.0028278554897252
F,NOTEARS,FFMLP,4f5cf972f16a40f0,2.0,2.0,0.4148497152079669,0.018968047614371642,0.0432166301969365,0.02169711842203358,0.0030753144378356
F,NOTEARS,FFMLP,7857f6e9cbcb7625,9.0,9.0,0.7121490761447771,0.05420117638301144,0.09802512883535446,0.021469086169523442,0.00281930065820308
F,NOTEARS,FFMLP,8adff992fd0706d4,4.0,4.0,0.4243944098255061,0.01970277238823924,0.025534944424499884,0.0217012604511297,0.0038331808471832604
F,NOTEARS,FFMLP,8e781898f93fae4c,8.0,8.0,0.7253121132509717,0.05083954311689304,0.07875203853373633,0.02147420785783876,0.0024419236773046997
F,NOTEARS,FFMLP,99f71147c0b37466,15.0,15.0,0.7550708904183946,0.06805364950255734,0.13457439707744076,0.021173201788843382,0.00375837336435206
F,NOTEARS,FFMLP,a7a8f4c78d6b8160,13.0,13.0,0.748705589450753,0.06570968220902548,0.11904321270702752,0.02137302161401804,0.00310155173989102
F,NOTEARS,FFMLP,b1dec7466d19e199,5.0,5.0,0.5283507393013005,0.02344894786953382,0.04630229876602958,0.02165919705576952,0.0019808061024121997
F,NOTEARS,FFMLP,b93202c111b3750e,1.0,1.0,0.45560826801571963,0.020463023181793,0.0349830619664152,0.02167025853971592,0.00451241970637134
F,NOTEARS,FFMLP,d340e014abdbde54,7.0,7.0,0.6841638259837447,0.04143638200400564,0.0827807064312407,0.02167887282754056,0.0016302191252177398
F,NOTEARS,FFMLP,d64d609cce45d57b,3.0,3.0,0.41384986719354994,0.0178649256325831,0.02690759636161192,0.02170856013513196,0.00366930050282274
F,NOTEARS,FFMLP,e9b5583403fe4d36,17.0,17.0,0.7544969639070428,0.07200247317526683,0.1306313952642676,0.02113750352983848,0.0033515798406524395
F,NOTEARS,LightGBM,1beaf69a6726221e,14.0,14.0,0.8595740061228477,0.23621434947744527,0.30778807917327844,0.02062744900298346,0.020136276953316802
F,NOTEARS,LightGBM,2bdae9aac38d646c,11.0,11.0,0.8634988528707183,0.22448431283389308,0.29558640408761655,0.02078690349353168,0.019951143969385122
F,NOTEARS,LightGBM,2e09a38d203e2519,16.0,16.0,0.8606950807332943,0.2383268110439301,0.3014305743102287,0.02036225013087746,0.02007097916169922
F,NOTEARS,LightGBM,35c436b9acad27fc,12.0,12.0,0.8643789217708491,0.22484861288578548,0.29455605349198166,0.02084828715161628,0.020304891661090778
F,NOTEARS,LightGBM,4219c68b6a956822,6.0,6.0,0.8488554038112195,0.22287320105877156,0.29480364405769627,0.02093496292609804,0.01965274709475604
F,NOTEARS,LightGBM,47b1e5f94b9b1a02,10.0,10.0,0.8698641538383598,0.22464637801572712,0.3127649079329669,0.020944062201437498,0.0203133222294585
F,NOTEARS,LightGBM,4f5cf972f16a40f0,2.0,2.0,0.698339376569613,0.0501114306489601,0.10344827586206891,0.025859675836889702,0.0242463079471585
F,NOTEARS,LightGBM,7857f6e9cbcb7625,9.0,9.0,0.8721765059238191,0.21284944260130723,0.2920613816231849,0.021058132110926102,0.0200493330874303
F,NOTEARS,LightGBM,8adff992fd0706d4,4.0,4.0,0.8150223274058955,0.1344025009961455,0.22845388328146946,0.021936044468243078,0.01940285750589528
F,NOTEARS,LightGBM,8e781898f93fae4c,8.0,8.0,0.8678796563678342,0.2186127942034258,0.2859482564006779,0.02117169271829058,0.02052440231668998
F,NOTEARS,LightGBM,99f71147c0b37466,15.0,15.0,0.8566616728546512,0.2192431644144111,0.2850585225230872,0.02072883622069458,0.020032735983903198
F,NOTEARS,LightGBM,a7a8f4c78d6b8160,13.0,13.0,0.8651786554342082,0.2238046053526895,0.3004639755096237,0.020861722038028198,0.02019515808770514
F,NOTEARS,LightGBM,b1dec7466d19e199,5.0,5.0,0.8356435141961771,0.16905766959395038,0.27845703509132,0.02195963473270038,0.020859799563248217
F,NOTEARS,LightGBM,b93202c111b3750e,1.0,1.0,0.5568227051986305,0.026992030412255296,0.0399113082039911,0.0218993210048681,0.0035745612631619
F,NOTEARS,LightGBM,d340e014abdbde54,7.0,7.0,0.8601334578167632,0.22531937470638647,0.2834649919876957,0.02114590664752744,0.02033199039585844
F,NOTEARS,LightGBM,d64d609cce45d57b,3.0,3.0,0.7491358533990491,0.06560670035515458,0.12534978013409315,0.024027925352106818,0.02138441228340886
F,NOTEARS,LightGBM,e9b5583403fe4d36,17.0,17.0,0.8534750417960353,0.23008517189034472,0.2916974937945392,0.02049132207559154,0.019973051025728338
F,NOTEARS,Logit,1beaf69a6726221e,14.0,14.0,0.7085821192580208,0.0485187003939917,0.0794701986754966,0.0214999245074639,0.0025392577943332
F,NOTEARS,Logit,2bdae9aac38d646c,11.0,11.0,0.6108228209971702,0.0301974781109428,0.0558766859344894,0.0219383075980893,0.0027235451060414
F,NOTEARS,Logit,2e09a38d203e2519,16.0,16.0,0.7078330474556889,0.0481267540432398,0.0813559322033898,0.0215075296162898,0.0024978656995352
F,NOTEARS,Logit,35c436b9acad27fc,12.0,12.0,0.7064507023905161,0.0479240159977916,0.0761245674740484,0.0215385184813578,0.00295154029485
F,NOTEARS,Logit,4219c68b6a956822,6.0,6.0,0.6652083288099528,0.0313714125842038,0.0475903614457831,0.0216968037251493,0.0014736849397485
F,NOTEARS,Logit,47b1e5f94b9b1a02,10.0,10.0,0.5770747841442849,0.0273516597883179,0.0492091388400703,0.0219275327253884,0.0024330827397754
F,NOTEARS,Logit,4f5cf972f16a40f0,2.0,2.0,0.4250349204970652,0.0212277965263698,0.0432166301969365,0.021632206088393,0.0008647191337537999
F,NOTEARS,Logit,7857f6e9cbcb7625,9.0,9.0,0.578858805393317,0.0268549826153704,0.049601417183348,0.0218242242470812,0.0023226958988404
F,NOTEARS,Logit,8adff992fd0706d4,4.0,4.0,0.4359091270961345,0.0194551222407337,0.0432166301969365,0.0216490673936894,0.0009820742145951
F,NOTEARS,Logit,8e781898f93fae4c,8.0,8.0,0.5816415890454582,0.026685494501899297,0.05,0.0217964549607733,0.0017647719373299997
F,NOTEARS,Logit,99f71147c0b37466,15.0,15.0,0.7088788530154664,0.0485924226796008,0.081081081081081,0.021493886798483,0.0025304595808994
F,NOTEARS,Logit,a7a8f4c78d6b8160,13.0,13.0,0.7086363998234072,0.04854022111418,0.08,0.0215022826646148,0.0025627662951482
F,NOTEARS,Logit,b1dec7466d19e199,5.0,5.0,0.5213431183099203,0.0227927327440698,0.0432166301969365,0.0216602649463131,0.0010667205360276
F,NOTEARS,Logit,b93202c111b3750e,1.0,1.0,0.4218757915915785,0.0210496100421798,0.0432166301969365,0.0216103080942859,0.0007808414333181
F,NOTEARS,Logit,d340e014abdbde54,7.0,7.0,0.5279400163565438,0.0223480448654582,0.0464231354642313,0.0217005917551169,0.0013607285470461
F,NOTEARS,Logit,d64d609cce45d57b,3.0,3.0,0.4179929218142736,0.020406584178311,0.0432166301969365,0.0216344799540322,0.0009085743539383
F,NOTEARS,Logit,e9b5583403fe4d36,17.0,17.0,0.7079814143344118,0.0471908269992789,0.0894568690095846,0.0215091750245515,0.0029748960050544
F,NOTEARS,RF,1beaf69a6726221e,14.0,14.0,0.8429768185798757,0.17355010405572052,0.24507999357286492,0.019832504333240082,0.0040768241543192
F,NOTEARS,RF,2bdae9aac38d646c,11.0,11.0,0.8552670241946574,0.18685999710027723,0.259044525665307,0.01957669823874752,0.00408610567514672
F,NOTEARS,RF,2e09a38d203e2519,16.0,16.0,0.8412705994745642,0.1806186342353403,0.2409199751468693,0.01975976024601616,0.0045705339670114005
F,NOTEARS,RF,35c436b9acad27fc,12.0,12.0,0.8460194252049996,0.18101726645837085,0.25153849826018787,0.01972159597428006,0.0039796477495107
F,NOTEARS,RF,4219c68b6a956822,6.0,6.0,0.8490909814649964,0.21028700012667664,0.26637834884512257,0.0194638559686888,0.0073075761811573405
F,NOTEARS,RF,47b1e5f94b9b1a02,10.0,10.0,0.8581323143061859,0.19402779663535497,0.27717044893771525,0.019525221135029282,0.00478356164383556
F,NOTEARS,RF,4f5cf972f16a40f0,2.0,2.0,0.6360517040478827,0.041822748803220254,0.06961406739897154,0.02345992574783334,0.02291361476097284
F,NOTEARS,RF,7857f6e9cbcb7625,9.0,9.0,0.8543869552945264,0.19220411454556258,0.28173251278252065,0.019566896505451438,0.00501649426894038
F,NOTEARS,RF,8adff992fd0706d4,4.0,4.0,0.8245966953991793,0.13306344711752016,0.22689237481532093,0.02049346849315064,0.006853899916130781
F,NOTEARS,RF,8e781898f93fae4c,8.0,8.0,0.8581999840777008,0.20002601070243115,0.27493115821426806,0.019448100195694658,0.0048232597148447996
F,NOTEARS,RF,99f71147c0b37466,15.0,15.0,0.8405815981645931,0.1614857831178306,0.2294988639698973,0.02003384512161022,0.00597998322616714
F,NOTEARS,RF,a7a8f4c78d6b8160,13.0,13.0,0.8402407162139667,0.17419634174060888,0.2280218340562219,0.0198133671792004,0.0042334917528655
F,NOTEARS,RF,b1dec7466d19e199,5.0,5.0,0.8516664133573615,0.1815332872070246,0.2904573400154574,0.01970873916689958,0.007063125524182261
F,NOTEARS,RF,b93202c111b3750e,1.0,1.0,0.5023463679064347,0.021724310940784818,0.0044280442804428,0.03402283097567792,0.04289013139502374
F,NOTEARS,RF,d340e014abdbde54,7.0,7.0,0.8553024874973764,0.20366375731634365,0.2695389192023679,0.01945451473301646,0.0045563321218898
F,NOTEARS,RF,d64d609cce45d57b,3.0,3.0,0.7343653878165461,0.07450476086662836,0.14586997795160603,0.02176738965613638,0.01137098126921994
F,NOTEARS,RF,e9b5583403fe4d36,17.0,17.0,0.8397518292550534,0.17648045397060766,0.23617174277771652,0.01982393827229518,0.004696002236511
F,NOTEARS,XGBoost,1beaf69a6726221e,14.0,14.0,0.8595855859767969,0.23915537548171714,0.2952982987747221,0.01905994027094108,0.01088536496771204
F,NOTEARS,XGBoost,2bdae9aac38d646c,11.0,11.0,0.8594010320544833,0.24096904240327016,0.32486578575769254,0.01901041457276268,0.00988624389719464
F,NOTEARS,XGBoost,2e09a38d203e2519,16.0,16.0,0.8567383893870639,0.2455589835612865,0.31694425615129457,0.01900098190698584,0.010736667511316581
F,NOTEARS,XGBoost,35c436b9acad27fc,12.0,12.0,0.8615186978454235,0.24314636087056857,0.32442171829455946,0.018996563690443218,0.01023415570385044
F,NOTEARS,XGBoost,4219c68b6a956822,6.0,6.0,0.8671580867186313,0.24657051342542152,0.32014252219339295,0.01907773504253444,0.00969130243579592
F,NOTEARS,XGBoost,47b1e5f94b9b1a02,10.0,10.0,0.8750229787726802,0.23334821630369032,0.2961595691646666,0.0191641742320083,0.00982211723692996
F,NOTEARS,XGBoost,4f5cf972f16a40f0,2.0,2.0,0.6843530842217252,0.05050288668316012,0.10173658094390355,0.02177322889274502,0.00616098220554104
F,NOTEARS,XGBoost,7857f6e9cbcb7625,9.0,9.0,0.8724450137872637,0.23106960839792728,0.3135161170527861,0.01922519015085124,0.00979275369377758
F,NOTEARS,XGBoost,8adff992fd0706d4,4.0,4.0,0.8418188331849665,0.18666864069418043,0.23534025898360525,0.019873565284544183,0.00785373456771972
F,NOTEARS,XGBoost,8e781898f93fae4c,8.0,8.0,0.8735602984707356,0.22540587273955165,0.30331903876335337,0.01938982822890216,0.01042926811660264
F,NOTEARS,XGBoost,99f71147c0b37466,15.0,15.0,0.860354198782668,0.23367651538396653,0.3101847813300938,0.01921886858170908,0.01102319501568462
F,NOTEARS,XGBoost,a7a8f4c78d6b8160,13.0,13.0,0.8624660746466335,0.2456030125343406,0.3180627021727148,0.018957338931585542,0.01106657472587254
F,NOTEARS,XGBoost,b1dec7466d19e199,5.0,5.0,0.8669988637268311,0.22467788723388998,0.26280137012251215,0.01926229878305096,0.00899716939135072
F,NOTEARS,XGBoost,b93202c111b3750e,1.0,1.0,0.5682762663655904,0.030356895732968243,0.047423675389770444,0.02171221177860608,0.0029361896695939
F,NOTEARS,XGBoost,d340e014abdbde54,7.0,7.0,0.8697049308465598,0.23000810500622823,0.30158862012830495,0.01931009883532488,0.0097383566269469
F,NOTEARS,XGBoost,d64d609cce45d57b,3.0,3.0,0.7966204919990447,0.10032814847061836,0.14866953810862477,0.02154673960865526,0.010641853130628941
F,NOTEARS,XGBoost,e9b5583403fe4d36,17.0,17.0,0.8513834306764807,0.23596672150428816,0.2921688648256346,0.019175656607679,0.01132153775792918
F,PC,FFMLP,2640d16d5eb10fde,14.0,14.0,0.7216416614195453,0.05444819946932515,0.090184750487319,0.021705474897217157,0.0029227484634152404
F,PC,FFMLP,2acb74dbd7bd057e,1.0,1.0,0.4702994839727584,0.02433018375534596,0.0432166301969365,0.02166613725146134,0.00632514410295776
F,PC,FFMLP,3a4f3db67c20c422,12.0,12.0,0.7058485499851632,0.05290049168122716,0.09212237175234395,0.021629473118355058,0.0025788048029711996
F,PC,FFMLP,42ad0f30d99576ea,7.0,7.0,0.6098255060758045,0.03967122419244932,0.0556358698501563,0.02175867021826976,0.0017664695464267798
F,PC,FFMLP,46c7802b88378834,6.0,6.0,0.48850156689898744,0.02756092774860846,0.05138436490735576,0.02166977019374104,0.00403729032351206
F,PC,FFMLP,53a85c01fe6d0b7e,22.0,22.0,0.7558767758791642,0.07435354769511501,0.12678160189071572,0.02146013121914572,0.00299421281647272
F,PC,FFMLP,5cf90b5edf72667f,3.0,3.0,0.4602742254163319,0.02473733093878046,0.0432166301969365,0.0216693811209707,0.0030374802742752
F,PC,FFMLP,6a70cabfe5104abc,20.0,20.0,0.7481656787603767,0.07007611001470067,0.12970211922619662,0.02139658805492056,0.00261630327486358
F,PC,FFMLP,78129d8c0793f97e,13.0,13.0,0.7264302928979308,0.057512309867797005,0.11841878200851674,0.0215367052507041,0.0027514212787450804
F,PC,FFMLP,8e947346f7ed3fe0,17.0,17.0,0.7306319705292716,0.06043951682572426,0.12810799264353318,0.0216262305057876,0.00230233914044134
F,PC,FFMLP,950d85bca05dd77f,4.0,4.0,0.4496739547372459,0.0230551573171032,0.0432166301969365,0.0217054152537563,0.0037449452216844004
F,PC,FFMLP,9795ed9fa640803b,19.0,19.0,0.7317186674483067,0.06400765897414155,0.11200698992920932,0.021509512450108757,0.0034428858627044796
F,PC,FFMLP,a5b5b295620f8bed,2.0,2.0,0.4073756432246999,0.01879567868842042,0.0431294137236696,0.0217029310273434,0.0034316866106915804
F,PC,FFMLP,ac0713d3eecfcacd,21.0,21.0,0.7491908577053071,0.0688147432145674,0.12479999615397448,0.02134164914893424,0.00256382098667754
F,PC,FFMLP,b2d9e3ac65acdcce,11.0,11.0,0.708693575352281,0.05245096676469581,0.07242676838361718,0.02153186851408882,0.00266317530772866
F,PC,FFMLP,b3389ea9a2d038ca,5.0,5.0,0.5052887364208118,0.02748248206891134,0.043467535817436856,0.0216718949030992,0.00430182520948972
F,PC,FFMLP,c2f13db4fa9587a8,8.0,8.0,0.6503397963393187,0.0399791868410531,0.0687575278395404,0.02172875557583346,0.0020896191802734602
F,PC,FFMLP,c83c26238669a20a,18.0,18.0,0.7232849150690087,0.06341611452925784,0.14090612426939012,0.021508838349429522,0.0025403620468476404
F,PC,FFMLP,cdc2001fb0e0a04f,23.0,23.0,0.7555333608354865,0.07054078142642892,0.13484737419230836,0.02145614238891434,0.00240778562846894
F,PC,FFMLP,db530282923044dc,15.0,15.0,0.72675235758589,0.0586847096210257,0.1067345862510994,0.02151299531989888,0.00227573099130848
F,PC,FFMLP,dcdfcb1839ed0107,10.0,10.0,0.7207677443168248,0.05346083150983176,0.08219365761130656,0.02143684720025548,0.0025771513110537
F,PC,FFMLP,f013b14af9b65489,24.0,24.0,0.7546684904936637,0.06826764521620188,0.12024608795664167,0.021474391474263742,0.0034541043059507803
F,PC,FFMLP,f1dae46cde9d5ed0,9.0,9.0,0.6949417750468623,0.04299029344649812,0.08517481150546832,0.021709803147409397,0.0022982211534099
F,PC,FFMLP,fe0a618a4400ef48,16.0,16.0,0.7268377590087646,0.05734761686880594,0.11588073877015839,0.02155407370418304,0.0033019154238065397
F,PC,LightGBM,2640d16d5eb10fde,14.0,14.0,0.9037583863473524,0.34653401063178246,0.4043049149432128,0.01867892818530372,0.01834669461370374
F,PC,LightGBM,2acb74dbd7bd057e,1.0,1.0,0.5343849288200853,0.025357648109314002,0.0108695652173913,0.022065405924793,0.0050426586890668
F,PC,LightGBM,3a4f3db67c20c422,12.0,12.0,0.8877926627150415,0.2882429797044726,0.36515161179554895,0.02001777679327246,0.01940639862554388
F,PC,LightGBM,42ad0f30d99576ea,7.0,7.0,0.8975573745576133,0.23376735807061455,0.32065392573535356,0.02074948549867832,0.01922678261124498
F,PC,LightGBM,46c7802b88378834,6.0,6.0,0.8930216905139284,0.2180916466767863,0.31636944949554724,0.02100857623721438,0.01910438994962
F,PC,LightGBM,53a85c01fe6d0b7e,22.0,22.0,0.9079466747725643,0.4143436581377665,0.42309240292980127,0.017827934472178942,0.0177740652868367
F,PC,LightGBM,5cf90b5edf72667f,3.0,3.0,0.714913042534251,0.0472457290800051,0.08766989121102717,0.024918085369669503,0.02422112472336512
F,PC,LightGBM,6a70cabfe5104abc,20.0,20.0,0.9082274862308299,0.4155994477878583,0.4287098058397684,0.01776190711473754,0.0172769392099889
F,PC,LightGBM,78129d8c0793f97e,13.0,13.0,0.8858117839488748,0.3019731856517957,0.39090467104754856,0.01958751174109076,0.018914113269340997
F,PC,LightGBM,8e947346f7ed3fe0,17.0,17.0,0.9009987624031093,0.36889891041605133,0.42405913445393695,0.018458877018058338,0.017894780609448102
F,PC,LightGBM,950d85bca05dd77f,4.0,4.0,0.7517749744881342,0.08020390443588664,0.14823652981871432,0.022769283634120622,0.019562004472306417
F,PC,LightGBM,9795ed9fa640803b,19.0,19.0,0.9105970138451628,0.3865303295632373,0.4444118356951468,0.01840814991298224,0.0180544201669179
F,PC,LightGBM,a5b5b295620f8bed,2.0,2.0,0.698339376569613,0.0501114306489601,0.10344827586206891,0.025859675836889702,0.0242463079471585
F,PC,LightGBM,ac0713d3eecfcacd,21.0,21.0,0.9063370750736406,0.42238799101106006,0.4346452150643767,0.017621800999976463,0.01737370305472844
F,PC,LightGBM,b2d9e3ac65acdcce,11.0,11.0,0.8929797135433629,0.2876295773290013,0.3784873560953668,0.02005552618769458,0.019331774178824
F,PC,LightGBM,b3389ea9a2d038ca,5.0,5.0,0.8515672608579224,0.1854068084270572,0.2782678541053617,0.02152441452836362,0.01907441558998758
F,PC,LightGBM,c2f13db4fa9587a8,8.0,8.0,0.9048439976550796,0.22183591218333015,0.2651347092587819,0.020990464015209702,0.020376746018250118
F,PC,LightGBM,c83c26238669a20a,18.0,18.0,0.9064760333210298,0.38469129440442174,0.4314357124881628,0.018488038672851502,0.01844007131746616
F,PC,LightGBM,cdc2001fb0e0a04f,23.0,23.0,0.9088332573405419,0.4167529911021811,0.4118922515696273,0.01774044491700184,0.01733617046241212
F,PC,LightGBM,db530282923044dc,15.0,15.0,0.897949642110139,0.3707930281675921,0.4225394527673142,0.018158899969678437,0.017553774044722158
F,PC,LightGBM,dcdfcb1839ed0107,10.0,10.0,0.8913433354321818,0.2725918072810689,0.3465286711748859,0.02014590139768562,0.01919365025896788
F,PC,LightGBM,f013b14af9b65489,24.0,24.0,0.9092023651851692,0.4135649172503584,0.41514401668023615,0.0178489635691726,0.01739092638537984
F,PC,LightGBM,f1dae46cde9d5ed0,9.0,9.0,0.9007360444666392,0.26543367377234156,0.34164671583448364,0.02032097618202956,0.01998941986886662
F,PC,LightGBM,fe0a618a4400ef48,16.0,16.0,0.9012585853760919,0.3702634651567435,0.43834734638123474,0.018288804722423058,0.017658591603862562
F,PC,Logit,2640d16d5eb10fde,14.0,14.0,0.5818731861244401,0.0266989665508946,0.0502467474203678,0.022035214474193,0.0020504570231971
F,PC,Logit,2acb74dbd7bd057e,1.0,1.0,0.45709302241425476,0.0246702953592727,0.0432166301969365,0.021595464257094,0.0005181973129045
F,PC,Logit,3a4f3db67c20c422,12.0,12.0,0.5776501581373805,0.026103959180823498,0.0507016749660479,0.0217776737797701,0.0018723129814769
F,PC,Logit,42ad0f30d99576ea,7.0,7.0,0.5440251572327044,0.0237384909084748,0.0439560439560439,0.0217101179764812,0.0013516330154354
F,PC,Logit,46c7802b88378834,6.0,6.0,0.4517590521889542,0.0199587434317354,0.0433114035087719,0.0216502557950062,0.0009889492157142
F,PC,Logit,53a85c01fe6d0b7e,22.0,22.0,0.6844598360003185,0.0410676866751649,0.0632603406326034,0.0223956134420841,0.0036730473870078004
F,PC,Logit,5cf90b5edf72667f,3.0,3.0,0.41877094325147823,0.0212884317673305,0.0432166301969365,0.0216287719321555,0.0008420555366232
F,PC,Logit,6a70cabfe5104abc,20.0,20.0,0.6547285609860245,0.0363610316815917,0.05996309963099631,0.0223749915613098,0.0034532339474238
F,PC,Logit,78129d8c0793f97e,13.0,13.0,0.5793798988210261,0.0262779664830174,0.05111821086261979,0.0217782595368649,0.0020050406118452
F,PC,Logit,8e947346f7ed3fe0,17.0,17.0,0.6511894681228333,0.0357792966983546,0.05983680870353579,0.0221893361492796,0.0030636334984423
F,PC,Logit,950d85bca05dd77f,4.0,4.0,0.4165201091401234,0.0203524722238144,0.0432166301969365,0.0216335068775929,0.0009063802737436001
F,PC,Logit,9795ed9fa640803b,19.0,19.0,0.6482619362963287,0.0351514449313756,0.059880239520958,0.0223440426995036,0.0033843188590491997
F,PC,Logit,a5b5b295620f8bed,2.0,2.0,0.42504215790578337,0.0212301947211959,0.0432166301969365,0.0216327563661958,0.0008648080559322
F,PC,Logit,ac0713d3eecfcacd,21.0,21.0,0.6840002605467139,0.0407967280624214,0.056603773584905606,0.0224014887108189,0.0035563243853480005
F,PC,Logit,b2d9e3ac65acdcce,11.0,11.0,0.5767418633432486,0.026199707247703603,0.05022421524663669,0.0217948988294958,0.0018668193240072
F,PC,Logit,b3389ea9a2d038ca,5.0,5.0,0.4268913158332791,0.0206951273813976,0.0432166301969365,0.0216346040750631,0.0009081950184392999
F,PC,Logit,c2f13db4fa9587a8,8.0,8.0,0.5469056459025411,0.0247502786038171,0.0432166301969365,0.0217059388940985,0.0013478488777288
F,PC,Logit,c83c26238669a20a,18.0,18.0,0.6473102170498874,0.0349525062423272,0.0593878483325719,0.0223295454308762,0.0033671603622687
F,PC,Logit,cdc2001fb0e0a04f,23.0,23.0,0.6876117274970869,0.0421189716338756,0.0707964601769911,0.0223951803977511,0.0033874108538658
F,PC,Logit,db530282923044dc,15.0,15.0,0.5834075167726946,0.026890561204024898,0.0493938033228558,0.0220450336854382,0.002125198715142
F,PC,Logit,dcdfcb1839ed0107,10.0,10.0,0.5755911153570575,0.026118998109756604,0.050427735254389906,0.0217546796400416,0.0017657904406962002
F,PC,Logit,f013b14af9b65489,24.0,24.0,0.6904741226451281,0.0428019974093661,0.0762463343108504,0.0223953092481009,0.0035238459697428
F,PC,Logit,f1dae46cde9d5ed0,9.0,9.0,0.5918789036773274,0.027509592529171602,0.0441426146010186,0.0217768409111562,0.0018520492618555
F,PC,Logit,fe0a618a4400ef48,16.0,16.0,0.5897800551490545,0.0279310249903025,0.050978607191624906,0.0221205913298176,0.0027162541251031
F,PC,RF,2640d16d5eb10fde,14.0,14.0,0.9200060070492361,0.2845744402105025,0.34503309636481727,0.0181972580374615,0.00366966731898236
F,PC,RF,2acb74dbd7bd057e,1.0,1.0,0.4888884063949742,0.02201592893615624,0.02046389517584012,0.03241095487838968,0.041057198769918854
F,PC,RF,3a4f3db67c20c422,12.0,12.0,0.9031309030114858,0.26368290607235634,0.34188165375930174,0.0184049321778026,0.00428034665921158
F,PC,RF,42ad0f30d99576ea,7.0,7.0,0.8938764284835458,0.24397899298506842,0.3510963738029377,0.0185814452334358,0.00567637685211066
F,PC,RF,46c7802b88378834,6.0,6.0,0.8902674946262241,0.25916265092881,0.3529411129496728,0.018487159966452282,0.00473804864411514
F,PC,RF,53a85c01fe6d0b7e,22.0,22.0,0.9105224685353654,0.37303166400183996,0.40432437594068116,0.01689009762370696,0.00390394185071284
F,PC,RF,5cf90b5edf72667f,3.0,3.0,0.704439788378169,0.053927200026152165,0.10144515102082222,0.02230986748672064,0.01564674308079392
F,PC,RF,6a70cabfe5104abc,20.0,20.0,0.910162407451636,0.37265361903746985,0.39181182321176056,0.01689307688006704,0.00340329885378804
F,PC,RF,78129d8c0793f97e,13.0,13.0,0.9086121545042012,0.26887475291102814,0.3357673405475136,0.018385375454291242,0.0047206038579815
F,PC,RF,8e947346f7ed3fe0,17.0,17.0,0.907916277655948,0.2817272253070001,0.322789494703933,0.0182638344981828,0.0045479452054793795
F,PC,RF,950d85bca05dd77f,4.0,4.0,0.7796332081261624,0.08438855193234653,0.16223739259124736,0.02146934213027674,0.00897847358121326
F,PC,RF,9795ed9fa640803b,19.0,19.0,0.9152376403152616,0.2919678345857896,0.32734561188386146,0.01811127402851546,0.0042844842046407
F,PC,RF,a5b5b295620f8bed,2.0,2.0,0.6331140398491725,0.0417034673515328,0.0727182503735174,0.023464437908862122,0.022476712328767058
F,PC,RF,ac0713d3eecfcacd,21.0,21.0,0.9123108322296284,0.37220986932092276,0.39887246226868867,0.01691294514956664,0.00325054514956664
F,PC,RF,b2d9e3ac65acdcce,11.0,11.0,0.896917949497362,0.27207449707720455,0.36111145100950004,0.018270780206877217,0.00395437517472738
F,PC,RF,b3389ea9a2d038ca,5.0,5.0,0.8669789608528562,0.20729402952726192,0.2920756775773959,0.0194411211629857,0.00624981828347774
F,PC,RF,c2f13db4fa9587a8,8.0,8.0,0.8983603650548957,0.2613116131960737,0.3348164157984458,0.01844829700866642,0.00453653899916126
F,PC,RF,c83c26238669a20a,18.0,18.0,0.914737535372835,0.2904200780044897,0.31176203192381147,0.01810457992731334,0.004745317305004141
F,PC,RF,cdc2001fb0e0a04f,23.0,23.0,0.915781531580433,0.38073913727962755,0.40259231958086295,0.0167582304724629,0.00380564719038294
F,PC,RF,db530282923044dc,15.0,15.0,0.9120090322860802,0.2830181420178425,0.32753090309067534,0.01825607268660884,0.0048571428571428
F,PC,RF,dcdfcb1839ed0107,10.0,10.0,0.9000405294888217,0.26894594024488205,0.3484306804561311,0.01830126698350568,0.00480760413754538
F,PC,RF,f013b14af9b65489,24.0,24.0,0.9148696180819421,0.3848291511211991,0.4174557153442513,0.016735708806262177,0.0044148727984344
F,PC,RF,f1dae46cde9d5ed0,9.0,9.0,0.8985145218605931,0.2670736576235225,0.3606848730686053,0.01833918121330718,0.00450388593793678
F,PC,RF,fe0a618a4400ef48,16.0,16.0,0.9122442480694213,0.2837816121151159,0.3314151967093143,0.01824843880346656,0.00442963377131668
F,PC,XGBoost,2640d16d5eb10fde,14.0,14.0,0.9236279682422506,0.3380864260014525,0.3670372919650199,0.01779731844869628,0.01150881642588196
F,PC,XGBoost,2acb74dbd7bd057e,1.0,1.0,0.5332453988174074,0.02525153827832622,0.04833510097358646,0.021858853992173122,0.0037726093002385997
F,PC,XGBoost,3a4f3db67c20c422,12.0,12.0,0.9039414927879221,0.2906524686514616,0.3398560962846677,0.0184454694996961,0.011150554211345181
F,PC,XGBoost,42ad0f30d99576ea,7.0,7.0,0.9060884700841711,0.2610275549919798,0.32911027797783604,0.01872748562906408,0.01002763294465658
F,PC,XGBoost,46c7802b88378834,6.0,6.0,0.9052684716764009,0.26615550985154146,0.32183001012158796,0.01861199999370538,0.0085776991804768
F,PC,XGBoost,53a85c01fe6d0b7e,22.0,22.0,0.9114575417417548,0.39558080632021164,0.41549915200174264,0.01692472491078256,0.011492964824458999
F,PC,XGBoost,5cf90b5edf72667f,3.0,3.0,0.7715110261921823,0.07594244582262297,0.11335568609334412,0.02164635980620428,0.00917843921651066
F,PC,XGBoost,6a70cabfe5104abc,20.0,20.0,0.9180023304456073,0.39743317284180024,0.41244375113179854,0.016858429473085877,0.011472704159127082
F,PC,XGBoost,78129d8c0793f97e,13.0,13.0,0.9021683276519674,0.3007993901447546,0.3422515573359234,0.018385294353884998,0.01193901430837584
F,PC,XGBoost,8e947346f7ed3fe0,17.0,17.0,0.9215645830166966,0.3595005181780778,0.3810419283316784,0.017516159061565638,0.011257292799298
F,PC,XGBoost,950d85bca05dd77f,4.0,4.0,0.8138607233066273,0.11239675872224202,0.19259764416892827,0.02117448331254122,0.009283317656141401
F,PC,XGBoost,9795ed9fa640803b,19.0,19.0,0.9229794964211013,0.3701646845451781,0.3821828133539135,0.01730887359392158,0.01146605740572608
F,PC,XGBoost,a5b5b295620f8bed,2.0,2.0,0.6851890049286753,0.05179057382410792,0.09663348484405095,0.02173867493673812,0.0058893332845247805
F,PC,XGBoost,ac0713d3eecfcacd,21.0,21.0,0.9090438659342409,0.3989711665696386,0.40955009276437854,0.016870651351991638,0.011539349690309281
F,PC,XGBoost,b2d9e3ac65acdcce,11.0,11.0,0.902436835515412,0.29981224139508794,0.35568529121976744,0.0181638458794873,0.01083070487661404
F,PC,XGBoost,b3389ea9a2d038ca,5.0,5.0,0.8913715613261827,0.20769801496375745,0.2813694450551359,0.01994930786947044,0.01022447396037476
F,PC,XGBoost,c2f13db4fa9587a8,8.0,8.0,0.9066822994694979,0.24246447980783045,0.2910155957354599,0.01923786070872256,0.01167801643610058
F,PC,XGBoost,c83c26238669a20a,18.0,18.0,0.9188187101490183,0.36198414174363425,0.38095959803432816,0.017401703153070998,0.0120721194812148
F,PC,XGBoost,cdc2001fb0e0a04f,23.0,23.0,0.913470988847153,0.40611442226946093,0.41220696038214283,0.0167341442358147,0.01159003219599258
F,PC,XGBoost,db530282923044dc,15.0,15.0,0.9198985315297712,0.352781123084517,0.34956720819986586,0.01766008499314838,0.01184886027708634
F,PC,XGBoost,dcdfcb1839ed0107,10.0,10.0,0.9009466530603383,0.3013173408568459,0.36141245914221193,0.01820220715772522,0.01097661044694912
F,PC,XGBoost,f013b14af9b65489,24.0,24.0,0.9146760173987307,0.4061914215014227,0.4126173947840005,0.01682797218769288,0.01208233021520988
F,PC,XGBoost,f1dae46cde9d5ed0,9.0,9.0,0.9015726889144611,0.28245891919191374,0.3482061888853624,0.01862202558452202,0.011177511589571901
F,PC,XGBoost,fe0a618a4400ef48,16.0,16.0,0.9186457360806537,0.3480495403020412,0.3499637154370475,0.0177767199013346,0.0122216775436537
